"Country Name","Country Code","Indicator Name","Indicator Code","1960","1961","1962","1963","1964","1965","1966","1967","1968","1969","1970","1971","1972","1973","1974","1975","1976","1977","1978","1979","1980","1981","1982","1983","1984","1985","1986","1987","1988","1989","1990","1991","1992","1993","1994","1995","1996","1997","1998","1999","2000","2001","2002","2003","2004","2005","2006","2007","2008","2009","2010","2011","2012","2013","2014","2015","2016","2017","2018","2019","2020",
"Aruba","ABW","Prevalence of HIV, total (% of population ages 15-49)","SH.DYN.AIDS.ZS","","","","","","","","","","","","","","","","","","","","","","","","","","","","","","","","","","","","","","","","","","","","","","","","","","","","","","","","","","","","","",
"Africa Eastern and Southern","AFE","Prevalence of HIV, total (% of population ages 15-49)","SH.DYN.AIDS.ZS","","","","","","","","","","","","","","","","","","","","","","","","","","","","","","","2.91578804675271","3.46228095175795","4.00240976502141","4.51771616401187","4.96992902655371","5.37918352393001","5.68820002101676","5.95539721468207","6.15019539789151","6.27080843688671","6.35323966525145","6.37405922560485","6.34531982633246","6.27572899867159","6.20277280076974","6.11275646526917","6.01107403353235","5.94937614090515","5.8804274521636","5.86654848662895","5.83291974582358","5.80183834235985","5.7603515759094","5.69638296587151","5.65327403585185","5.56359478713912","5.49503415268222","5.37165272095157","5.26930644680373","5.145697004882","4.99678543905486",
"Afghanistan","AFG","Prevalence of HIV, total (% of population ages 15-49)","SH.DYN.AIDS.ZS","","","","","","","","","","","","","","","","","","","","","","","","","","","","","","","0.1","0.1","0.1","0.1","0.1","0.1","0.1","0.1","0.1","0.1","0.1","0.1","0.1","0.1","0.1","0.1","0.1","0.1","0.1","0.1","0.1","0.1","0.1","0.1","0.1","0.1","0.1","0.1","0.1","0.1","0.1",
"Africa Western and Central","AFW","Prevalence of HIV, total (% of population ages 15-49)","SH.DYN.AIDS.ZS","","","","","","","","","","","","","","","","","","","","","","","","","","","","","","","1.04345731210091","1.24916153965094","1.44158239118171","1.62814254561283","1.77921772140468","1.9282535581306","2.05091801435239","2.16009908972242","2.24008368113329","2.25148691644288","2.28959008481961","2.26737562030634","2.2225447346885","2.17711948240616","2.12126612279513","2.07030714505858","2.01155613790389","1.91997096398784","1.87960639444774","1.84222228279469","1.8143430532508","1.78440923038627","1.74502482634087","1.7122593901524","1.67463108282251","1.63555990153224","1.59400773605418","1.56341073298461","1.47262615452615","1.44360684983676","1.41588705547703",
"Angola","AGO","Prevalence of HIV, total (% of population ages 15-49)","SH.DYN.AIDS.ZS","","","","","","","","","","","","","","","","","","","","","","","","","","","","","","","0.2","0.2","0.3","0.4","0.4","0.5","0.6","0.7","0.8","0.9","1","1.2","1.3","1.4","1.5","1.6","1.7","1.7","1.8","1.9","1.9","1.9","1.9","2","2","1.9","1.9","1.9","1.9","1.8","1.8",
"Albania","ALB","Prevalence of HIV, total (% of population ages 15-49)","SH.DYN.AIDS.ZS","","","","","","","","","","","","","","","","","","","","","","","","","","","","","","","0.1","0.1","0.1","0.1","0.1","0.1","0.1","0.1","0.1","0.1","0.1","0.1","0.1","0.1","0.1","0.1","0.1","0.1","0.1","0.1","0.1","0.1","0.1","0.1","0.1","0.1","0.1","0.1","0.1","0.1","0.1",
"Andorra","AND","Prevalence of HIV, total (% of population ages 15-49)","SH.DYN.AIDS.ZS","","","","","","","","","","","","","","","","","","","","","","","","","","","","","","","","","","","","","","","","","","","","","","","","","","","","","","","","","","","","","",
"Arab World","ARB","Prevalence of HIV, total (% of population ages 15-49)","SH.DYN.AIDS.ZS","","","","","","","","","","","","","","","","","","","","","","","","","","","","","","","0.1","0.100292107097313","0.101560988660837","0.102110469945002","0.103894448635611","0.104954992369239","0.107279719423536","0.111968958204803","0.124407765704357","0.125232046676937","0.126780740838716","0.126738259994246","0.12977474226661","0.129226955852639","0.128664709996433","0.128081946052356","0.127433319852408","0.126769260993015","0.123112655425541","0.121811367947259","0.121302666823789","0.120860357172295","0.12076182518015","0.119667078371347","0.116422703015406","0.116338038052418","0.11625380460955","0.115057358407874","0.114954948498303","0.115127893376842","0.115018462162161",
"United Arab Emirates","ARE","Prevalence of HIV, total (% of population ages 15-49)","SH.DYN.AIDS.ZS","","","","","","","","","","","","","","","","","","","","","","","","","","","","","","","0.1","0.1","0.1","0.1","0.1","0.1","0.1","0.1","0.1","0.1","0.1","0.1","0.1","0.1","0.1","0.1","0.1","0.1","0.1","0.1","0.1","0.1","0.1","0.1","0.1","0.1","0.1","0.1","0.1","0.1","0.1",
"Argentina","ARG","Prevalence of HIV, total (% of population ages 15-49)","SH.DYN.AIDS.ZS","","","","","","","","","","","","","","","","","","","","","","","","","","","","","","","0.1","0.1","0.1","0.2","0.2","0.2","0.2","0.2","0.2","0.3","0.3","0.3","0.3","0.3","0.3","0.3","0.3","0.3","0.3","0.4","0.4","0.4","0.4","0.4","0.4","0.4","0.4","0.4","0.4","0.4","0.4",
"Armenia","ARM","Prevalence of HIV, total (% of population ages 15-49)","SH.DYN.AIDS.ZS","","","","","","","","","","","","","","","","","","","","","","","","","","","","","","","0.1","0.1","0.1","0.1","0.1","0.1","0.1","0.1","0.1","0.1","0.1","0.1","0.1","0.1","0.2","0.2","0.2","0.2","0.2","0.2","0.2","0.2","0.2","0.2","0.2","0.2","0.2","0.2","0.2","0.2","0.2",
"American Samoa","ASM","Prevalence of HIV, total (% of population ages 15-49)","SH.DYN.AIDS.ZS","","","","","","","","","","","","","","","","","","","","","","","","","","","","","","","","","","","","","","","","","","","","","","","","","","","","","","","","","","","","","",
"Antigua and Barbuda","ATG","Prevalence of HIV, total (% of population ages 15-49)","SH.DYN.AIDS.ZS","","","","","","","","","","","","","","","","","","","","","","","","","","","","","","","","","","","","","","","","","","","","","","","","","","","","","","","","","","","","","",
"Australia","AUS","Prevalence of HIV, total (% of population ages 15-49)","SH.DYN.AIDS.ZS","","","","","","","","","","","","","","","","","","","","","","","","","","","","","","","0.1","0.1","0.1","0.1","0.1","0.1","0.1","0.1","0.1","0.1","0.1","0.1","0.1","0.1","0.1","0.1","0.1","0.1","0.1","0.1","0.1","0.1","0.1","0.1","0.1","0.1","0.1","0.1","0.1","0.1","0.1",
"Austria","AUT","Prevalence of HIV, total (% of population ages 15-49)","SH.DYN.AIDS.ZS","","","","","","","","","","","","","","","","","","","","","","","","","","","","","","","","","","","","","","","","","","","","","","","","","","","","","","","","","","","","","",
"Azerbaijan","AZE","Prevalence of HIV, total (% of population ages 15-49)","SH.DYN.AIDS.ZS","","","","","","","","","","","","","","","","","","","","","","","","","","","","","","","0.1","0.1","0.1","0.1","0.1","0.1","0.1","0.1","0.1","0.1","0.1","0.1","0.1","0.1","0.1","0.1","0.1","0.1","0.1","0.1","0.1","0.1","0.1","0.1","0.1","0.1","0.1","0.1","0.1","0.1","0.1",
"Burundi","BDI","Prevalence of HIV, total (% of population ages 15-49)","SH.DYN.AIDS.ZS","","","","","","","","","","","","","","","","","","","","","","","","","","","","","","","4.1","4.5","4.8","5","5","4.9","4.7","4.4","4.2","3.9","3.5","3.2","2.9","2.7","2.4","2.2","2.1","1.9","1.8","1.7","1.6","1.5","1.5","1.4","1.4","1.3","1.2","1.2","1.1","1.1","1",
"Belgium","BEL","Prevalence of HIV, total (% of population ages 15-49)","SH.DYN.AIDS.ZS","","","","","","","","","","","","","","","","","","","","","","","","","","","","","","","","","","","","","","","","","","","","","","","","","","","","","","","","","","","","","",
"Benin","BEN","Prevalence of HIV, total (% of population ages 15-49)","SH.DYN.AIDS.ZS","","","","","","","","","","","","","","","","","","","","","","","","","","","","","","","0.8","0.9","1","1.2","1.3","1.3","1.4","1.4","1.5","1.5","1.5","1.4","1.4","1.4","1.4","1.3","1.3","1.2","1.2","1.2","1.2","1.2","1.2","1.1","1.1","1.1","1.1","1","1","1","0.9",
"Burkina Faso","BFA","Prevalence of HIV, total (% of population ages 15-49)","SH.DYN.AIDS.ZS","","","","","","","","","","","","","","","","","","","","","","","","","","","","","","","2.6","2.8","2.9","2.9","2.8","2.7","2.6","2.5","2.3","2.2","2","1.9","1.7","1.6","1.5","1.4","1.3","1.2","1.2","1.1","1.1","1.1","1","1","0.9","0.9","0.8","0.8","0.7","0.7","0.7",
"Bangladesh","BGD","Prevalence of HIV, total (% of population ages 15-49)","SH.DYN.AIDS.ZS","","","","","","","","","","","","","","","","","","","","","","","","","","","","","","","","","","","","","","","","","","","","","","","","","","","","","","","","","","","","","",
"Bulgaria","BGR","Prevalence of HIV, total (% of population ages 15-49)","SH.DYN.AIDS.ZS","","","","","","","","","","","","","","","","","","","","","","","","","","","","","","","","","","","","","","","","","","","","","","","","","","","","","","","","","","","","","",
"Bahrain","BHR","Prevalence of HIV, total (% of population ages 15-49)","SH.DYN.AIDS.ZS","","","","","","","","","","","","","","","","","","","","","","","","","","","","","","","","","","","","","","","","","","","","","","","","","","","","","","","","","","","","","",
"Bahamas, The","BHS","Prevalence of HIV, total (% of population ages 15-49)","SH.DYN.AIDS.ZS","","","","","","","","","","","","","","","","","","","","","","","","","","","","","","","1.4","1.6","1.7","1.8","1.9","2","2","2","2","2","2","1.9","1.8","1.8","1.8","1.8","1.8","1.8","1.7","1.7","1.7","1.7","1.6","1.5","1.5","1.4","1.4","1.3","1.3","1.2","1.2",
"Bosnia and Herzegovina","BIH","Prevalence of HIV, total (% of population ages 15-49)","SH.DYN.AIDS.ZS","","","","","","","","","","","","","","","","","","","","","","","","","","","","","","","","","","","","","","","","","","","","","","","","","","","","","","","","","","","","","",
"Belarus","BLR","Prevalence of HIV, total (% of population ages 15-49)","SH.DYN.AIDS.ZS","","","","","","","","","","","","","","","","","","","","","","","","","","","","","","","0.1","0.1","0.1","0.1","0.1","0.1","0.1","0.1","0.1","0.1","0.1","0.1","0.1","0.1","0.1","0.1","0.1","0.1","0.2","0.2","0.2","0.3","0.3","0.3","0.4","0.4","0.4","0.4","0.5","0.5","0.5",
"Belize","BLZ","Prevalence of HIV, total (% of population ages 15-49)","SH.DYN.AIDS.ZS","","","","","","","","","","","","","","","","","","","","","","","","","","","","","","","0.1","0.1","0.1","0.1","0.2","0.3","0.4","0.6","0.8","0.9","1.1","1.2","1.2","1.3","1.3","1.4","1.4","1.4","1.4","1.4","1.4","1.4","1.4","1.4","1.4","1.4","1.3","1.3","1.3","1.3","1.2",
"Bermuda","BMU","Prevalence of HIV, total (% of population ages 15-49)","SH.DYN.AIDS.ZS","","","","","","","","","","","","","","","","","","","","","","","","","","","","","","","","","","","","","","","","","","","","","","","","","","","","","","","","","","","","","",
"Bolivia","BOL","Prevalence of HIV, total (% of population ages 15-49)","SH.DYN.AIDS.ZS","","","","","","","","","","","","","","","","","","","","","","","","","","","","","","","0.1","0.1","0.1","0.1","0.1","0.1","0.1","0.1","0.2","0.2","0.2","0.2","0.2","0.2","0.2","0.2","0.2","0.2","0.2","0.2","0.2","0.2","0.2","0.2","0.2","0.2","0.2","0.2","0.2","0.2","0.2",
"Brazil","BRA","Prevalence of HIV, total (% of population ages 15-49)","SH.DYN.AIDS.ZS","","","","","","","","","","","","","","","","","","","","","","","","","","","","","","","0.2","0.2","0.2","0.2","0.2","0.2","0.3","0.3","0.3","0.3","0.3","0.3","0.4","0.4","0.4","0.4","0.4","0.4","0.4","0.5","0.5","0.5","0.5","0.5","0.5","0.5","0.5","0.5","0.5","0.5","0.6",
"Barbados","BRB","Prevalence of HIV, total (% of population ages 15-49)","SH.DYN.AIDS.ZS","","","","","","","","","","","","","","","","","","","","","","","","","","","","","","","","","","","","","","","","","","","","","","","","","","","","","","","","","","","","","",
"Brunei Darussalam","BRN","Prevalence of HIV, total (% of population ages 15-49)","SH.DYN.AIDS.ZS","","","","","","","","","","","","","","","","","","","","","","","","","","","","","","","","","","","","","","","","","","","","","","","","","","","","","","","","","","","","","",
"Bhutan","BTN","Prevalence of HIV, total (% of population ages 15-49)","SH.DYN.AIDS.ZS","","","","","","","","","","","","","","","","","","","","","","","","","","","","","","","0.1","0.1","0.1","0.1","0.1","0.1","0.1","0.1","0.1","0.1","0.1","0.2","0.2","0.2","0.2","0.2","0.3","0.3","0.3","0.3","0.3","0.3","0.3","0.3","0.3","0.3","0.2","0.2","0.2","0.2","0.2",
"Botswana","BWA","Prevalence of HIV, total (% of population ages 15-49)","SH.DYN.AIDS.ZS","","","","","","","","","","","","","","","","","","","","","","","","","","","","","","","5.7","8.3","11.4","14.6","17.7","20.5","22.7","24.3","25.4","26","26.3","26.2","25.8","25.3","24.8","24.4","24.1","23.8","23.6","23.4","23.2","23.1","22.9","22.6","22.4","22.1","21.8","21.4","21","20.5","19.9",
"Central African Republic","CAF","Prevalence of HIV, total (% of population ages 15-49)","SH.DYN.AIDS.ZS","","","","","","","","","","","","","","","","","","","","","","","","","","","","","","","3.8","5","5.9","6.7","7.1","7.5","7.7","7.8","7.8","7.6","7.5","7.2","7","6.7","6.4","6.1","5.8","5.6","5.4","5.2","5","4.8","4.6","4.3","4.1","3.9","3.7","3.5","3.3","3.1","2.9",
"Canada","CAN","Prevalence of HIV, total (% of population ages 15-49)","SH.DYN.AIDS.ZS","","","","","","","","","","","","","","","","","","","","","","","","","","","","","","","","","","","","","","","","","","","","","","","","","","","","","","","","","","","","","",
"Central Europe and the Baltics","CEB","Prevalence of HIV, total (% of population ages 15-49)","SH.DYN.AIDS.ZS","","","","","","","","","","","","","","","","","","","","","","","","","","","","","","","","","","","","","","","","","","","","","","","","","","","","","","","","","","","","","",
"Switzerland","CHE","Prevalence of HIV, total (% of population ages 15-49)","SH.DYN.AIDS.ZS","","","","","","","","","","","","","","","","","","","","","","","","","","","","","","","0.3","0.3","0.3","0.3","0.3","0.3","0.3","0.2","0.2","0.2","0.2","0.2","0.2","0.2","0.2","0.2","0.2","0.2","0.2","0.2","0.2","0.2","0.2","0.2","0.2","0.2","0.2","0.2","0.2","0.2","0.2",
"Channel Islands","CHI","Prevalence of HIV, total (% of population ages 15-49)","SH.DYN.AIDS.ZS","","","","","","","","","","","","","","","","","","","","","","","","","","","","","","","","","","","","","","","","","","","","","","","","","","","","","","","","","","","","","",
"Chile","CHL","Prevalence of HIV, total (% of population ages 15-49)","SH.DYN.AIDS.ZS","","","","","","","","","","","","","","","","","","","","","","","","","","","","","","","0.1","0.1","0.1","0.1","0.1","0.1","0.1","0.1","0.2","0.2","0.2","0.2","0.2","0.2","0.2","0.3","0.3","0.3","0.3","0.3","0.3","0.3","0.3","0.4","0.4","0.4","0.4","0.5","0.5","0.5","0.6",
"China","CHN","Prevalence of HIV, total (% of population ages 15-49)","SH.DYN.AIDS.ZS","","","","","","","","","","","","","","","","","","","","","","","","","","","","","","","","","","","","","","","","","","","","","","","","","","","","","","","","","","","","","",
"Cote d'Ivoire","CIV","Prevalence of HIV, total (% of population ages 15-49)","SH.DYN.AIDS.ZS","","","","","","","","","","","","","","","","","","","","","","","","","","","","","","","3.8","4.6","5.4","6.2","6.7","7.2","7.4","7.5","7.5","7.3","7","6.7","6.3","5.9","5.6","5.2","4.8","4.5","4.2","4","3.8","3.6","3.4","3.2","3","2.8","2.6","2.5","2.3","2.2","2.1",
"Cameroon","CMR","Prevalence of HIV, total (% of population ages 15-49)","SH.DYN.AIDS.ZS","","","","","","","","","","","","","","","","","","","","","","","","","","","","","","","0.8","1.1","1.4","1.8","2.2","2.7","3.1","3.6","4","4.4","4.6","4.8","4.9","4.9","4.8","4.8","4.7","4.6","4.5","4.4","4.3","4.2","4.1","4","3.8","3.7","3.5","3.4","3.2","3.1","3",
"Congo, Dem. Rep.","COD","Prevalence of HIV, total (% of population ages 15-49)","SH.DYN.AIDS.ZS","","","","","","","","","","","","","","","","","","","","","","","","","","","","","","","1.3","1.5","1.6","1.7","1.7","1.8","1.8","1.8","1.8","1.7","1.7","1.6","1.6","1.5","1.5","1.4","1.3","1.3","1.2","1.2","1.1","1.1","1","1","0.9","0.9","0.9","0.8","0.8","0.8","0.7",
"Congo, Rep.","COG","Prevalence of HIV, total (% of population ages 15-49)","SH.DYN.AIDS.ZS","","","","","","","","","","","","","","","","","","","","","","","","","","","","","","","4.1","4.6","4.9","5.1","5.1","5.1","5.1","5","4.8","4.7","4.5","4.4","4.2","4","3.9","3.8","3.6","3.5","3.5","3.4","3.4","3.4","3.4","3.4","3.3","3.3","3.3","3.3","3.3","3.3","3.3",
"Colombia","COL","Prevalence of HIV, total (% of population ages 15-49)","SH.DYN.AIDS.ZS","","","","","","","","","","","","","","","","","","","","","","","","","","","","","","","0.1","0.1","0.2","0.2","0.3","0.3","0.3","0.4","0.4","0.4","0.4","0.4","0.4","0.4","0.4","0.4","0.4","0.4","0.4","0.4","0.4","0.4","0.4","0.4","0.4","0.4","0.4","0.4","0.4","0.4","0.4",
"Comoros","COM","Prevalence of HIV, total (% of population ages 15-49)","SH.DYN.AIDS.ZS","","","","","","","","","","","","","","","","","","","","","","","","","","","","","","","0.1","0.1","0.1","0.1","0.1","0.1","0.1","0.1","0.1","0.1","0.1","0.1","0.1","0.1","0.1","0.1","0.1","0.1","0.1","0.1","0.1","0.1","0.1","0.1","0.1","0.1","0.1","0.1","0.1","0.1","0.1",
"Cabo Verde","CPV","Prevalence of HIV, total (% of population ages 15-49)","SH.DYN.AIDS.ZS","","","","","","","","","","","","","","","","","","","","","","","","","","","","","","","0.4","0.5","0.5","0.6","0.6","0.6","0.7","0.7","0.7","0.6","0.6","0.6","0.6","0.6","0.6","0.6","0.6","0.6","0.6","0.6","0.6","0.6","0.6","0.6","0.6","0.6","0.6","0.6","0.6","0.5","0.5",
"Costa Rica","CRI","Prevalence of HIV, total (% of population ages 15-49)","SH.DYN.AIDS.ZS","","","","","","","","","","","","","","","","","","","","","","","","","","","","","","","0.1","0.1","0.1","0.1","0.1","0.1","0.1","0.1","0.1","0.1","0.1","0.2","0.2","0.2","0.2","0.2","0.2","0.2","0.2","0.2","0.2","0.2","0.2","0.3","0.3","0.3","0.3","0.3","0.4","0.4","0.4",
"Caribbean small states","CSS","Prevalence of HIV, total (% of population ages 15-49)","SH.DYN.AIDS.ZS","","","","","","","","","","","","","","","","","","","","","","","","","","","","","","","0.470476318283357","0.550861898834808","0.610165271659324","0.738486057946235","0.793600812176037","0.880603689410016","0.929909157837951","1.02847910827303","1.06866446158144","1.14090866394058","1.20886305445758","1.25423960417883","1.27119868934581","1.31312095090392","1.33473483504846","1.37603407344805","1.3887734998561","1.41000317240311","1.40488853445056","1.41766963883345","1.41851574864722","1.41924568001508","1.33745769628892","1.33228996950076","1.33303549787497","1.30634440248612","1.29220073891369","1.26534185745202","1.24460894864091","1.22971050242844","1.19058377987473",
"Cuba","CUB","Prevalence of HIV, total (% of population ages 15-49)","SH.DYN.AIDS.ZS","","","","","","","","","","","","","","","","","","","","","","","","","","","","","","","0.1","0.1","0.1","0.1","0.1","0.1","0.1","0.1","0.1","0.1","0.1","0.1","0.1","0.1","0.1","0.1","0.2","0.2","0.2","0.2","0.2","0.3","0.3","0.3","0.3","0.3","0.4","0.4","0.4","0.4","0.4",
"Curacao","CUW","Prevalence of HIV, total (% of population ages 15-49)","SH.DYN.AIDS.ZS","","","","","","","","","","","","","","","","","","","","","","","","","","","","","","","","","","","","","","","","","","","","","","","","","","","","","","","","","","","","","",
"Cayman Islands","CYM","Prevalence of HIV, total (% of population ages 15-49)","SH.DYN.AIDS.ZS","","","","","","","","","","","","","","","","","","","","","","","","","","","","","","","","","","","","","","","","","","","","","","","","","","","","","","","","","","","","","",
"Cyprus","CYP","Prevalence of HIV, total (% of population ages 15-49)","SH.DYN.AIDS.ZS","","","","","","","","","","","","","","","","","","","","","","","","","","","","","","","","","","","","","","","","","","","","","","","","","","","","","","","","","","","","","",
"Czech Republic","CZE","Prevalence of HIV, total (% of population ages 15-49)","SH.DYN.AIDS.ZS","","","","","","","","","","","","","","","","","","","","","","","","","","","","","","","","","","","","","","","","","","","","","","","","","","","","","","","","","","","","","",
"Germany","DEU","Prevalence of HIV, total (% of population ages 15-49)","SH.DYN.AIDS.ZS","","","","","","","","","","","","","","","","","","","","","","","","","","","","","","","0.1","0.1","0.1","0.1","0.1","0.1","0.1","0.1","0.1","0.1","0.1","0.1","0.1","0.1","0.1","0.1","0.1","0.1","0.1","0.1","0.1","0.1","0.1","0.1","0.1","0.1","0.1","0.1","0.1","0.1","0.1",
"Djibouti","DJI","Prevalence of HIV, total (% of population ages 15-49)","SH.DYN.AIDS.ZS","","","","","","","","","","","","","","","","","","","","","","","","","","","","","","","0.1","0.2","0.3","0.5","0.8","1.2","1.7","2.3","2.8","3.1","3.3","3.3","3.3","3.1","2.9","2.7","2.5","2.3","2.1","2","1.8","1.6","1.5","1.4","1.3","1.2","1.1","1","0.9","0.9","0.8",
"Dominica","DMA","Prevalence of HIV, total (% of population ages 15-49)","SH.DYN.AIDS.ZS","","","","","","","","","","","","","","","","","","","","","","","","","","","","","","","","","","","","","","","","","","","","","","","","","","","","","","","","","","","","","",
"Denmark","DNK","Prevalence of HIV, total (% of population ages 15-49)","SH.DYN.AIDS.ZS","","","","","","","","","","","","","","","","","","","","","","","","","","","","","","","0.1","0.1","0.1","0.1","0.1","0.1","0.1","0.1","0.1","0.1","0.1","0.1","0.1","0.1","0.1","0.1","0.1","0.1","0.1","0.1","0.1","0.1","0.1","0.1","0.1","0.1","0.1","0.1","0.1","0.1","0.1",
"Dominican Republic","DOM","Prevalence of HIV, total (% of population ages 15-49)","SH.DYN.AIDS.ZS","","","","","","","","","","","","","","","","","","","","","","","","","","","","","","","0.5","0.7","0.9","1.1","1.3","1.5","1.6","1.7","1.8","1.9","1.9","1.8","1.8","1.7","1.6","1.5","1.4","1.3","1.3","1.2","1.2","1.1","1.1","1","1","1","0.9","0.9","0.9","0.9","0.9",
"Algeria","DZA","Prevalence of HIV, total (% of population ages 15-49)","SH.DYN.AIDS.ZS","","","","","","","","","","","","","","","","","","","","","","","","","","","","","","","0.1","0.1","0.1","0.1","0.1","0.1","0.1","0.1","0.1","0.1","0.1","0.1","0.1","0.1","0.1","0.1","0.1","0.1","0.1","0.1","0.1","0.1","0.1","0.1","0.1","0.1","0.1","0.1","0.1","0.1","0.1",
"East Asia & Pacific (excluding high income)","EAP","Prevalence of HIV, total (% of population ages 15-49)","SH.DYN.AIDS.ZS","","","","","","","","","","","","","","","","","","","","","","","","","","","","","","","","","","","","","","","","","","","","","","","","","","","","","","","","","","","","","",
"Early-demographic dividend","EAR","Prevalence of HIV, total (% of population ages 15-49)","SH.DYN.AIDS.ZS","","","","","","","","","","","","","","","","","","","","","","","","","","","","","","","","","","","","","","","","","","","","","","","","","","","","","","","","","","","","","",
"East Asia & Pacific","EAS","Prevalence of HIV, total (% of population ages 15-49)","SH.DYN.AIDS.ZS","","","","","","","","","","","","","","","","","","","","","","","","","","","","","","","","","","","","","","","","","","","","","","","","","","","","","","","","","","","","","",
"Europe & Central Asia (excluding high income)","ECA","Prevalence of HIV, total (% of population ages 15-49)","SH.DYN.AIDS.ZS","","","","","","","","","","","","","","","","","","","","","","","","","","","","","","","","","","","","","","","","","","","","","","","","","","","","","","","","","","","","","",
"Europe & Central Asia","ECS","Prevalence of HIV, total (% of population ages 15-49)","SH.DYN.AIDS.ZS","","","","","","","","","","","","","","","","","","","","","","","","","","","","","","","","","","","","","","","","","","","","","","","","","","","","","","","","","","","","","",
"Ecuador","ECU","Prevalence of HIV, total (% of population ages 15-49)","SH.DYN.AIDS.ZS","","","","","","","","","","","","","","","","","","","","","","","","","","","","","","","0.1","0.1","0.1","0.1","0.1","0.2","0.2","0.2","0.2","0.2","0.3","0.3","0.3","0.3","0.3","0.3","0.3","0.3","0.3","0.3","0.3","0.3","0.3","0.3","0.3","0.3","0.3","0.3","0.3","0.3","0.3",
"Egypt, Arab Rep.","EGY","Prevalence of HIV, total (% of population ages 15-49)","SH.DYN.AIDS.ZS","","","","","","","","","","","","","","","","","","","","","","","","","","","","","","","0.1","0.1","0.1","0.1","0.1","0.1","0.1","0.1","0.1","0.1","0.1","0.1","0.1","0.1","0.1","0.1","0.1","0.1","0.1","0.1","0.1","0.1","0.1","0.1","0.1","0.1","0.1","0.1","0.1","0.1","0.1",
"Euro area","EMU","Prevalence of HIV, total (% of population ages 15-49)","SH.DYN.AIDS.ZS","","","","","","","","","","","","","","","","","","","","","","","","","","","","","","","0.140175366934407","0.158409649992324","0.163350927026365","0.189725433492365","0.194630708739321","0.194961638267639","0.195261614559208","0.195544750808401","0.195800653354354","0.200610602943292","0.200744998696993","0.201749446824303","0.202937548228149","0.204254983583509","0.205528292334643","0.206785923341319","0.214386466037973","0.215084829962998","0.240930942444866","0.241526513527347","0.241973683934374","0.245020401682254","0.250222857769425","0.249986580939183","0.249659287695425","0.249069972818483","0.248638446704084","0.248464388731575","0.248357242211006","0.223473978740017","0.223392190735242",
"Eritrea","ERI","Prevalence of HIV, total (% of population ages 15-49)","SH.DYN.AIDS.ZS","","","","","","","","","","","","","","","","","","","","","","","","","","","","","","","0.9","1.1","1.2","1.4","1.5","1.6","1.7","1.7","1.6","1.6","1.5","1.4","1.4","1.3","1.2","1.1","1","1","0.9","0.9","0.9","0.8","0.8","0.8","0.7","0.7","0.7","0.6","0.6","0.5","0.5",
"Spain","ESP","Prevalence of HIV, total (% of population ages 15-49)","SH.DYN.AIDS.ZS","","","","","","","","","","","","","","","","","","","","","","","","","","","","","","","0.3","0.4","0.4","0.4","0.4","0.4","0.4","0.4","0.4","0.4","0.4","0.4","0.4","0.4","0.4","0.4","0.4","0.4","0.4","0.4","0.4","0.4","0.4","0.4","0.4","0.4","0.4","0.4","0.4","0.4","0.4",
"Estonia","EST","Prevalence of HIV, total (% of population ages 15-49)","SH.DYN.AIDS.ZS","","","","","","","","","","","","","","","","","","","","","","","","","","","","","","","0.1","0.1","0.1","0.1","0.1","0.1","0.1","0.1","0.1","0.1","0.1","0.2","0.3","0.4","0.5","0.6","0.6","0.6","0.7","0.7","0.7","0.7","0.8","0.8","0.8","0.8","0.8","0.8","0.8","0.8","0.8",
"Ethiopia","ETH","Prevalence of HIV, total (% of population ages 15-49)","SH.DYN.AIDS.ZS","","","","","","","","","","","","","","","","","","","","","","","","","","","","","","","1.6","2","2.4","2.7","2.9","3","3","2.9","2.8","2.7","2.6","2.4","2.2","2.1","1.9","1.8","1.7","1.6","1.5","1.4","1.4","1.3","1.3","1.2","1.2","1.1","1.1","1","1","0.9","0.9",
"European Union","EUU","Prevalence of HIV, total (% of population ages 15-49)","SH.DYN.AIDS.ZS","","","","","","","","","","","","","","","","","","","","","","","","","","","","","","","","","","","","","","","","","","","","","","","","","","","","","","","","","","","","","",
"Fragile and conflict affected situations","FCS","Prevalence of HIV, total (% of population ages 15-49)","SH.DYN.AIDS.ZS","","","","","","","","","","","","","","","","","","","","","","","","","","","","","","","1.24135766568776","1.47948289636425","1.68874040536923","1.86440096640424","1.99616523221714","2.10974205418845","2.18650881579422","2.23930293653372","2.27789799246299","2.27184325170305","2.28843528065088","2.24044047014403","2.20058134364986","2.14589794765023","2.08994037047985","2.03356831704423","1.97654072518678","1.91308181499232","1.86496540899419","1.83561424533518","1.81238060687321","1.78650098795438","1.75965394514627","1.73461613653921","1.70524742687771","1.67749939185726","1.65766078980717","1.61508966427422","1.56973453519149","1.53517940067441","1.50202032242601",
"Finland","FIN","Prevalence of HIV, total (% of population ages 15-49)","SH.DYN.AIDS.ZS","","","","","","","","","","","","","","","","","","","","","","","","","","","","","","","","","","","","","","","","","","","","","","","","","","","","","","","","","","","","","",
"Fiji","FJI","Prevalence of HIV, total (% of population ages 15-49)","SH.DYN.AIDS.ZS","","","","","","","","","","","","","","","","","","","","","","","","","","","","","","","0.1","0.1","0.1","0.1","0.1","0.1","0.1","0.1","0.1","0.1","0.1","0.1","0.1","0.1","0.1","0.1","0.1","0.1","0.1","0.1","0.1","0.1","0.1","0.1","0.1","0.1","0.2","0.2","0.2","0.2","0.2",
"France","FRA","Prevalence of HIV, total (% of population ages 15-49)","SH.DYN.AIDS.ZS","","","","","","","","","","","","","","","","","","","","","","","","","","","","","","","","","","","","","","","","","","","","","","","","","","","","","","","","","","","","","",
"Faroe Islands","FRO","Prevalence of HIV, total (% of population ages 15-49)","SH.DYN.AIDS.ZS","","","","","","","","","","","","","","","","","","","","","","","","","","","","","","","","","","","","","","","","","","","","","","","","","","","","","","","","","","","","","",
"Micronesia, Fed. Sts.","FSM","Prevalence of HIV, total (% of population ages 15-49)","SH.DYN.AIDS.ZS","","","","","","","","","","","","","","","","","","","","","","","","","","","","","","","","","","","","","","","","","","","","","","","","","","","","","","","","","","","","","",
"Gabon","GAB","Prevalence of HIV, total (% of population ages 15-49)","SH.DYN.AIDS.ZS","","","","","","","","","","","","","","","","","","","","","","","","","","","","","","","1.1","1.5","1.9","2.4","3","3.7","4.3","4.8","5.2","5.4","5.6","5.6","5.5","5.4","5.2","5.1","5","4.8","4.7","4.5","4.4","4.2","4","3.9","3.8","3.7","3.5","3.4","3.3","3.2","3",
"United Kingdom","GBR","Prevalence of HIV, total (% of population ages 15-49)","SH.DYN.AIDS.ZS","","","","","","","","","","","","","","","","","","","","","","","","","","","","","","","","","","","","","","","","","","","","","","","","","","","","","","","","","","","","","",
"Georgia","GEO","Prevalence of HIV, total (% of population ages 15-49)","SH.DYN.AIDS.ZS","","","","","","","","","","","","","","","","","","","","","","","","","","","","","","","0.1","0.1","0.1","0.1","0.1","0.1","0.1","0.1","0.1","0.1","0.1","0.1","0.1","0.1","0.1","0.1","0.1","0.1","0.1","0.1","0.1","0.1","0.2","0.2","0.2","0.2","0.3","0.3","0.3","0.3","0.3",
"Ghana","GHA","Prevalence of HIV, total (% of population ages 15-49)","SH.DYN.AIDS.ZS","","","","","","","","","","","","","","","","","","","","","","","","","","","","","","","1.2","1.5","1.8","2","2.2","2.3","2.4","2.5","2.5","2.5","2.5","2.5","2.4","2.4","2.3","2.2","2.1","2.1","2","2","2","1.9","1.9","1.9","1.9","1.8","1.8","1.8","1.7","1.7","1.7",
"Gibraltar","GIB","Prevalence of HIV, total (% of population ages 15-49)","SH.DYN.AIDS.ZS","","","","","","","","","","","","","","","","","","","","","","","","","","","","","","","","","","","","","","","","","","","","","","","","","","","","","","","","","","","","","",
"Guinea","GIN","Prevalence of HIV, total (% of population ages 15-49)","SH.DYN.AIDS.ZS","","","","","","","","","","","","","","","","","","","","","","","","","","","","","","","0.5","0.6","0.8","0.9","1","1.2","1.3","1.4","1.5","1.5","1.6","1.6","1.6","1.6","1.6","1.6","1.6","1.6","1.6","1.6","1.6","1.6","1.6","1.6","1.6","1.6","1.5","1.5","1.5","1.4","1.4",
"Gambia, The","GMB","Prevalence of HIV, total (% of population ages 15-49)","SH.DYN.AIDS.ZS","","","","","","","","","","","","","","","","","","","","","","","","","","","","","","","0.1","0.2","0.3","0.4","0.5","0.6","0.8","1","1.2","1.4","1.6","1.7","1.8","1.9","1.9","1.9","1.9","1.9","1.9","1.9","1.9","1.9","1.9","1.9","1.9","1.9","1.9","1.8","1.8","1.8","1.8",
"Guinea-Bissau","GNB","Prevalence of HIV, total (% of population ages 15-49)","SH.DYN.AIDS.ZS","","","","","","","","","","","","","","","","","","","","","","","","","","","","","","","0.2","0.3","0.5","0.7","0.9","1.3","1.7","2.1","2.6","3","3.4","3.7","3.9","4","4.1","4.1","4.1","4.1","4","4","3.9","3.9","3.8","3.8","3.7","3.6","3.5","3.4","3.3","3.1","3",
"Equatorial Guinea","GNQ","Prevalence of HIV, total (% of population ages 15-49)","SH.DYN.AIDS.ZS","","","","","","","","","","","","","","","","","","","","","","","","","","","","","","","0.7","0.9","1.1","1.3","1.5","1.8","2.1","2.3","2.6","2.9","3.1","3.4","3.7","3.9","4.1","4.4","4.6","4.9","5.2","5.4","5.7","6","6.2","6.5","6.7","6.8","7","7.1","7.2","7.3","7.3",
"Greece","GRC","Prevalence of HIV, total (% of population ages 15-49)","SH.DYN.AIDS.ZS","","","","","","","","","","","","","","","","","","","","","","","","","","","","","","","0.1","0.1","0.1","0.1","0.1","0.1","0.1","0.1","0.1","0.1","0.1","0.1","0.1","0.1","0.1","0.1","0.1","0.1","0.1","0.1","0.1","0.1","0.2","0.2","0.2","0.2","0.2","0.2","0.2","0.2","0.2",
"Grenada","GRD","Prevalence of HIV, total (% of population ages 15-49)","SH.DYN.AIDS.ZS","","","","","","","","","","","","","","","","","","","","","","","","","","","","","","","","","","","","","","","","","","","","","","","","","","","","","","","","","","","","","",
"Greenland","GRL","Prevalence of HIV, total (% of population ages 15-49)","SH.DYN.AIDS.ZS","","","","","","","","","","","","","","","","","","","","","","","","","","","","","","","","","","","","","","","","","","","","","","","","","","","","","","","","","","","","","",
"Guatemala","GTM","Prevalence of HIV, total (% of population ages 15-49)","SH.DYN.AIDS.ZS","","","","","","","","","","","","","","","","","","","","","","","","","","","","","","","0.1","0.1","0.1","0.2","0.2","0.3","0.3","0.3","0.3","0.4","0.4","0.4","0.4","0.4","0.4","0.4","0.4","0.4","0.4","0.4","0.4","0.4","0.3","0.3","0.3","0.3","0.3","0.3","0.2","0.2","0.2",
"Guam","GUM","Prevalence of HIV, total (% of population ages 15-49)","SH.DYN.AIDS.ZS","","","","","","","","","","","","","","","","","","","","","","","","","","","","","","","","","","","","","","","","","","","","","","","","","","","","","","","","","","","","","",
"Guyana","GUY","Prevalence of HIV, total (% of population ages 15-49)","SH.DYN.AIDS.ZS","","","","","","","","","","","","","","","","","","","","","","","","","","","","","","","0.1","0.1","0.1","0.1","0.1","0.1","0.2","0.3","0.3","0.4","0.6","0.7","0.8","0.9","1","1.1","1.2","1.3","1.3","1.4","1.4","1.4","1.4","1.4","1.4","1.4","1.4","1.4","1.4","1.4","1.3",
"High income","HIC","Prevalence of HIV, total (% of population ages 15-49)","SH.DYN.AIDS.ZS","","","","","","","","","","","","","","","","","","","","","","","","","","","","","","","","","","","","","","","","","","","","","","","","","","","0.31017832878256","0.312286376752184","0.313531246709928","0.315923326855709","0.316024043375019","0.315906821625791","0.276003893096766","0.27771457779651","0.277808359548318","0.271338629638272","",
"Hong Kong SAR, China","HKG","Prevalence of HIV, total (% of population ages 15-49)","SH.DYN.AIDS.ZS","","","","","","","","","","","","","","","","","","","","","","","","","","","","","","","","","","","","","","","","","","","","","","","","","","","","","","","","","","","","","",
"Honduras","HND","Prevalence of HIV, total (% of population ages 15-49)","SH.DYN.AIDS.ZS","","","","","","","","","","","","","","","","","","","","","","","","","","","","","","","0.6","0.7","0.8","0.9","0.9","1","1","1","1","1","0.9","0.8","0.8","0.7","0.7","0.6","0.6","0.5","0.5","0.4","0.4","0.4","0.4","0.3","0.3","0.3","0.3","0.3","0.3","0.2","0.2",
"Heavily indebted poor countries (HIPC)","HPC","Prevalence of HIV, total (% of population ages 15-49)","SH.DYN.AIDS.ZS","","","","","","","","","","","","","","","","","","","","","","","","","","","","","","","2.14954833742311","2.45331533405714","2.7255824606258","2.95893046389734","3.13499351005913","3.28065274622775","3.3766853100437","3.44220801239063","3.48056284090525","3.48132744198092","3.45698519657508","3.39796848000873","3.31929469788142","3.22958283724385","3.13979169335333","3.0475352010282","2.96400605459357","2.90767092886542","2.83531192596871","2.80201893987508","2.76740477025421","2.72750668544474","2.6849957526004","2.63170884784362","2.58932363021839","2.53533043861064","2.49717127677162","2.42864288776252","2.37552705101374","2.32025768010318","2.25845623950485",
"Croatia","HRV","Prevalence of HIV, total (% of population ages 15-49)","SH.DYN.AIDS.ZS","","","","","","","","","","","","","","","","","","","","","","","","","","","","","","","0.1","0.1","0.1","0.1","0.1","0.1","0.1","0.1","0.1","0.1","0.1","0.1","0.1","0.1","0.1","0.1","0.1","0.1","0.1","0.1","0.1","0.1","0.1","0.1","0.1","0.1","0.1","0.1","0.1","0.1","0.1",
"Haiti","HTI","Prevalence of HIV, total (% of population ages 15-49)","SH.DYN.AIDS.ZS","","","","","","","","","","","","","","","","","","","","","","","","","","","","","","","2.3","2.6","2.9","3","3.1","3.2","3.2","3.1","3.1","3","2.9","2.8","2.7","2.6","2.5","2.4","2.3","2.3","2.2","2.2","2.2","2.1","2.1","2.1","2","2","2","2","1.9","1.9","1.9",
"Hungary","HUN","Prevalence of HIV, total (% of population ages 15-49)","SH.DYN.AIDS.ZS","","","","","","","","","","","","","","","","","","","","","","","","","","","","","","","","","","","","","","","","","","","","","","","","","","","","","","","","","","","","","",
"IBRD only","IBD","Prevalence of HIV, total (% of population ages 15-49)","SH.DYN.AIDS.ZS","","","","","","","","","","","","","","","","","","","","","","","","","","","","","","","","","","","","","","","","","","","","","","","","","","","","","","","","","","","","","",
"IDA & IBRD total","IBT","Prevalence of HIV, total (% of population ages 15-49)","SH.DYN.AIDS.ZS","","","","","","","","","","","","","","","","","","","","","","","","","","","","","","","","","","","","","","","","","","","","","","","","","","","","","","","","","","","","","",
"IDA total","IDA","Prevalence of HIV, total (% of population ages 15-49)","SH.DYN.AIDS.ZS","","","","","","","","","","","","","","","","","","","","","","","","","","","","","","","1.61328568879348","1.88494991857423","2.13364102139932","2.34915934890707","2.52011402762639","2.65492764294761","2.73344623250605","2.7848817497909","2.80447630953804","2.77857259940365","2.75080044808049","2.68765455382923","2.60871043836224","2.52561936731047","2.44626137319472","2.36728623232624","2.2921790066581","2.23003771473636","2.17409933308483","2.14644681464114","2.11581295628007","2.09019353668533","2.06935991727656","2.03571491901669","2.01165477637072","1.97598393537115","1.95016196695006","1.90054815166133","1.85042570449957","1.81459970717177","1.78410029633405",
"IDA blend","IDB","Prevalence of HIV, total (% of population ages 15-49)","SH.DYN.AIDS.ZS","","","","","","","","","","","","","","","","","","","","","","","","","","","","","","","1.27035358763741","1.55864401354297","1.82460466533005","2.05598485810178","2.24504308237742","2.38158196757325","2.44736207445561","2.49042580062762","2.49488636023632","2.43674080176602","2.40203502158","2.31880945146582","2.22944412102273","2.1362516630803","2.05194936040476","1.97469295111749","1.89696939117223","1.81338176255598","1.76475784418509","1.73203251429075","1.69462900828705","1.6715212713441","1.65841198488777","1.62851970893165","1.60422991828671","1.57342770144318","1.5451442422367","1.51247772675199","1.4441022682346","1.42188466300187","1.42723183876727",
"Indonesia","IDN","Prevalence of HIV, total (% of population ages 15-49)","SH.DYN.AIDS.ZS","","","","","","","","","","","","","","","","","","","","","","","","","","","","","","","0.1","0.1","0.1","0.1","0.1","0.1","0.1","0.1","0.1","0.1","0.1","0.1","0.1","0.1","0.1","0.2","0.2","0.2","0.2","0.3","0.3","0.3","0.3","0.3","0.3","0.3","0.4","0.4","0.4","0.4","0.4",
"IDA only","IDX","Prevalence of HIV, total (% of population ages 15-49)","SH.DYN.AIDS.ZS","","","","","","","","","","","","","","","","","","","","","","","","","","","","","","","1.85088758341841","2.11045142468343","2.34661038094442","2.5506529778277","2.70869876622087","2.84195618672675","2.92943818761805","2.98691903060904","3.01718524048724","3.01360234134934","2.99071779211872","2.9412868839178","2.86930740435836","2.79284541367955","2.716445458967","2.63573150391665","2.56185161483402","2.51368275778768","2.45208007103637","2.42716865328714","2.40063575802481","2.37266935150472","2.34570039635722","2.30855952351074","2.28360549139007","2.24354694621185","2.21794253926759","2.15570672771229","2.11605359277872","2.06981608195267","2.01461533249342",
"Isle of Man","IMN","Prevalence of HIV, total (% of population ages 15-49)","SH.DYN.AIDS.ZS","","","","","","","","","","","","","","","","","","","","","","","","","","","","","","","","","","","","","","","","","","","","","","","","","","","","","","","","","","","","","",
"India","IND","Prevalence of HIV, total (% of population ages 15-49)","SH.DYN.AIDS.ZS","","","","","","","","","","","","","","","","","","","","","","","","","","","","","","","","","","","","","","","","","","","","","","","","","","","","","","","","","","","","","",
"Not classified","INX","Prevalence of HIV, total (% of population ages 15-49)","SH.DYN.AIDS.ZS","","","","","","","","","","","","","","","","","","","","","","","","","","","","","","","","","","","","","","","","","","","","","","","","","","","","","","","","","","","","","",
"Ireland","IRL","Prevalence of HIV, total (% of population ages 15-49)","SH.DYN.AIDS.ZS","","","","","","","","","","","","","","","","","","","","","","","","","","","","","","","0.1","0.1","0.1","0.1","0.1","0.1","0.1","0.1","0.1","0.1","0.1","0.1","0.1","0.1","0.1","0.1","0.1","0.1","0.1","0.1","0.1","0.2","0.2","0.2","0.2","0.2","0.2","0.2","0.2","0.2","0.2",
"Iran, Islamic Rep.","IRN","Prevalence of HIV, total (% of population ages 15-49)","SH.DYN.AIDS.ZS","","","","","","","","","","","","","","","","","","","","","","","","","","","","","","","0.1","0.1","0.1","0.1","0.1","0.1","0.1","0.1","0.1","0.1","0.1","0.1","0.1","0.1","0.1","0.1","0.1","0.1","0.1","0.1","0.1","0.1","0.1","0.1","0.1","0.1","0.1","0.1","0.1","0.1","0.1",
"Iraq","IRQ","Prevalence of HIV, total (% of population ages 15-49)","SH.DYN.AIDS.ZS","","","","","","","","","","","","","","","","","","","","","","","","","","","","","","","","","","","","","","","","","","","","","","","","","","","","","","","","","","","","","",
"Iceland","ISL","Prevalence of HIV, total (% of population ages 15-49)","SH.DYN.AIDS.ZS","","","","","","","","","","","","","","","","","","","","","","","","","","","","","","","0.1","0.1","0.1","0.1","0.1","0.1","0.1","0.1","0.1","0.1","0.1","0.1","0.1","0.1","0.1","0.1","0.1","0.1","0.1","0.1","0.1","0.1","0.1","0.1","0.1","0.1","0.1","0.1","0.1","0.1","0.1",
"Israel","ISR","Prevalence of HIV, total (% of population ages 15-49)","SH.DYN.AIDS.ZS","","","","","","","","","","","","","","","","","","","","","","","","","","","","","","","","","","","","","","","","","","","","","","","","","","","","","","","","","","","","","",
"Italy","ITA","Prevalence of HIV, total (% of population ages 15-49)","SH.DYN.AIDS.ZS","","","","","","","","","","","","","","","","","","","","","","","","","","","","","","","0.1","0.1","0.1","0.2","0.2","0.2","0.2","0.2","0.2","0.2","0.2","0.2","0.2","0.2","0.2","0.2","0.2","0.2","0.3","0.3","0.3","0.3","0.3","0.3","0.3","0.3","0.3","0.3","0.3","0.2","0.2",
"Jamaica","JAM","Prevalence of HIV, total (% of population ages 15-49)","SH.DYN.AIDS.ZS","","","","","","","","","","","","","","","","","","","","","","","","","","","","","","","0.7","0.8","0.9","1.1","1.2","1.3","1.3","1.4","1.4","1.5","1.5","1.5","1.5","1.5","1.5","1.5","1.5","1.5","1.5","1.5","1.5","1.5","1.4","1.4","1.4","1.4","1.4","1.4","1.4","1.4","1.4",
"Jordan","JOR","Prevalence of HIV, total (% of population ages 15-49)","SH.DYN.AIDS.ZS","","","","","","","","","","","","","","","","","","","","","","","","","","","","","","","0.1","0.1","0.1","0.1","0.1","0.1","0.1","0.1","0.1","0.1","0.1","0.1","0.1","0.1","0.1","0.1","0.1","0.1","0.1","0.1","0.1","0.1","0.1","0.1","0.1","0.1","0.1","0.1","0.1","0.1","0.1",
"Japan","JPN","Prevalence of HIV, total (% of population ages 15-49)","SH.DYN.AIDS.ZS","","","","","","","","","","","","","","","","","","","","","","","","","","","","","","","0.1","0.1","0.1","0.1","0.1","0.1","0.1","0.1","0.1","0.1","0.1","0.1","0.1","0.1","0.1","0.1","0.1","0.1","0.1","0.1","0.1","0.1","0.1","0.1","0.1","0.1","0.1","0.1","0.1","0.1","0.1",
"Kazakhstan","KAZ","Prevalence of HIV, total (% of population ages 15-49)","SH.DYN.AIDS.ZS","","","","","","","","","","","","","","","","","","","","","","","","","","","","","","","0.1","0.1","0.1","0.1","0.1","0.1","0.1","0.1","0.1","0.1","0.1","0.1","0.1","0.1","0.1","0.1","0.1","0.1","0.1","0.1","0.1","0.1","0.2","0.2","0.2","0.2","0.2","0.2","0.3","0.3","0.3",
"Kenya","KEN","Prevalence of HIV, total (% of population ages 15-49)","SH.DYN.AIDS.ZS","","","","","","","","","","","","","","","","","","","","","","","","","","","","","","","4.8","6.2","7.5","8.6","9.5","10","10.1","10.1","9.9","9.5","9.1","8.6","8.1","7.6","7.2","6.8","6.4","6.2","6","5.9","5.7","5.6","5.5","5.3","5.2","5","4.9","4.7","4.5","4.4","4.2",
"Kyrgyz Republic","KGZ","Prevalence of HIV, total (% of population ages 15-49)","SH.DYN.AIDS.ZS","","","","","","","","","","","","","","","","","","","","","","","","","","","","","","","0.1","0.1","0.1","0.1","0.1","0.1","0.1","0.1","0.1","0.1","0.1","0.1","0.1","0.1","0.1","0.1","0.1","0.1","0.1","0.1","0.1","0.1","0.1","0.1","0.2","0.2","0.2","0.2","0.2","0.2","0.2",
"Cambodia","KHM","Prevalence of HIV, total (% of population ages 15-49)","SH.DYN.AIDS.ZS","","","","","","","","","","","","","","","","","","","","","","","","","","","","","","","0.1","0.1","0.1","0.2","0.3","0.6","0.8","1","1.1","1.2","1.2","1.2","1.1","1.1","1","1","0.9","0.9","0.9","0.9","0.8","0.8","0.8","0.8","0.7","0.7","0.7","0.6","0.6","0.6","0.5",
"Kiribati","KIR","Prevalence of HIV, total (% of population ages 15-49)","SH.DYN.AIDS.ZS","","","","","","","","","","","","","","","","","","","","","","","","","","","","","","","","","","","","","","","","","","","","","","","","","","","","","","","","","","","","","",
"St. Kitts and Nevis","KNA","Prevalence of HIV, total (% of population ages 15-49)","SH.DYN.AIDS.ZS","","","","","","","","","","","","","","","","","","","","","","","","","","","","","","","","","","","","","","","","","","","","","","","","","","","","","","","","","","","","","",
"Korea, Rep.","KOR","Prevalence of HIV, total (% of population ages 15-49)","SH.DYN.AIDS.ZS","","","","","","","","","","","","","","","","","","","","","","","","","","","","","","","","","","","","","","","","","","","","","","","","","","","","","","","","","","","","","",
"Kuwait","KWT","Prevalence of HIV, total (% of population ages 15-49)","SH.DYN.AIDS.ZS","","","","","","","","","","","","","","","","","","","","","","","","","","","","","","","","","","","","","","","","","","","","","","","","","","","","","","","","","","","","","",
"Latin America & Caribbean (excluding high income)","LAC","Prevalence of HIV, total (% of population ages 15-49)","SH.DYN.AIDS.ZS","","","","","","","","","","","","","","","","","","","","","","","","","","","","","","","0.212408871263522","0.222336212245467","0.240898028093164","0.274043986256361","0.288459260475293","0.302290678430296","0.344358825061124","0.354505479643465","0.360937423375165","0.372062938884098","0.369020058715148","0.389030739522162","0.426656709157503","0.422508121101595","0.420338558001445","0.417187966870099","0.41645285493486","0.413785031715485","0.412300692593652","0.455254859027558","0.455408028433371","0.455090326519362","0.452039381112244","0.450306130621226","0.448515397091654","0.448509313050276","0.447071746340794","0.446833607170653","0.443489983752807","0.46312869763454","0.497831666256332",
"Lao PDR","LAO","Prevalence of HIV, total (% of population ages 15-49)","SH.DYN.AIDS.ZS","","","","","","","","","","","","","","","","","","","","","","","","","","","","","","","0.1","0.1","0.1","0.1","0.1","0.1","0.1","0.1","0.1","0.1","0.1","0.1","0.1","0.1","0.2","0.2","0.2","0.2","0.2","0.2","0.3","0.3","0.3","0.3","0.3","0.3","0.3","0.3","0.3","0.3","0.3",
"Lebanon","LBN","Prevalence of HIV, total (% of population ages 15-49)","SH.DYN.AIDS.ZS","","","","","","","","","","","","","","","","","","","","","","","","","","","","","","","0.1","0.1","0.1","0.1","0.1","0.1","0.1","0.1","0.1","0.1","0.1","0.1","0.1","0.1","0.1","0.1","0.1","0.1","0.1","0.1","0.1","0.1","0.1","0.1","0.1","0.1","0.1","0.1","0.1","0.1","0.1",
"Liberia","LBR","Prevalence of HIV, total (% of population ages 15-49)","SH.DYN.AIDS.ZS","","","","","","","","","","","","","","","","","","","","","","","","","","","","","","","1.5","2","2.3","2.5","2.6","2.7","2.8","2.7","2.7","2.7","2.6","2.6","2.5","2.4","2.2","2.1","2","1.9","1.8","1.8","1.7","1.6","1.6","1.5","1.4","1.4","1.3","1.3","1.2","1.2","1.1",
"Libya","LBY","Prevalence of HIV, total (% of population ages 15-49)","SH.DYN.AIDS.ZS","","","","","","","","","","","","","","","","","","","","","","","","","","","","","","","0.1","0.1","0.1","0.1","0.1","0.1","0.1","0.1","0.1","0.1","0.1","0.1","0.1","0.1","0.1","0.1","0.1","0.1","0.1","0.1","0.1","0.1","0.1","0.1","0.1","0.1","0.1","0.1","0.1","0.1","0.1",
"St. Lucia","LCA","Prevalence of HIV, total (% of population ages 15-49)","SH.DYN.AIDS.ZS","","","","","","","","","","","","","","","","","","","","","","","","","","","","","","","","","","","","","","","","","","","","","","","","","","","","","","","","","","","","","",
"Latin America & Caribbean","LCN","Prevalence of HIV, total (% of population ages 15-49)","SH.DYN.AIDS.ZS","","","","","","","","","","","","","","","","","","","","","","","","","","","","","","","0.203671053703185","0.213158244984006","0.230161717646097","0.260747490253753","0.273965211021198","0.286934961791202","0.330887190505205","0.340452616846396","0.349690281040541","0.364541546236366","0.366741356080712","0.385264025730911","0.424941102339679","0.421463434080123","0.424328550609567","0.424714811220206","0.42406049341513","0.421622249009318","0.420193123283929","0.459449779410697","0.459592401669909","0.45983140109305","0.456768595837661","0.457993576316877","0.456316651071751","0.455952607098009","0.454432118873186","0.456547590028573","0.453023636899845","0.466597777792724","0.501215153231991",
"Least developed countries: UN classification","LDC","Prevalence of HIV, total (% of population ages 15-49)","SH.DYN.AIDS.ZS","","","","","","","","","","","","","","","","","","","","","","","","","","","","","","","1.90679607227028","2.15915207190383","2.3878106103857","2.58376968304344","2.735797928145","2.86601129397803","2.95751692148511","3.01821059519118","3.05590335728744","3.06197942590019","3.05084623482425","3.01206570769303","2.95175462293573","2.88347875845571","2.81475840083472","2.74596089059444","2.6847291564976","2.64243868115382","2.59063361044132","2.57276621572276","2.54675683844163","2.52124816383071","2.49026805208349","2.45397280286071","2.4255176389147","2.3823002466258","2.35536273472058","2.28529099476232","2.24830808547373","2.19566755879746","2.13637150180044",
"Low income","LIC","Prevalence of HIV, total (% of population ages 15-49)","SH.DYN.AIDS.ZS","","","","","","","","","","","","","","","","","","","","","","","","","","","","","","","1.87612253007522","2.09688764653459","2.28886976585662","2.43652522034752","2.54967110545318","2.63741501438274","2.6981718136454","2.72684603627073","2.74892617531235","2.73425880162936","2.72220083785013","2.66511124242608","2.60732354741762","2.54491920568086","2.47150666299884","2.40700158890394","2.3435865184474","2.30484943711428","2.24625300853047","2.22117663725985","2.19295223231458","2.16567573753298","2.13041538576112","2.09574942743157","2.06720130095441","2.02400420326127","1.99918069517461","1.93464002738433","1.9040298606546","1.85631456204517","1.79994287159812",
"Liechtenstein","LIE","Prevalence of HIV, total (% of population ages 15-49)","SH.DYN.AIDS.ZS","","","","","","","","","","","","","","","","","","","","","","","","","","","","","","","","","","","","","","","","","","","","","","","","","","","","","","","","","","","","","",
"Sri Lanka","LKA","Prevalence of HIV, total (% of population ages 15-49)","SH.DYN.AIDS.ZS","","","","","","","","","","","","","","","","","","","","","","","","","","","","","","","0.1","0.1","0.1","0.1","0.1","0.1","0.1","0.1","0.1","0.1","0.1","0.1","0.1","0.1","0.1","0.1","0.1","0.1","0.1","0.1","0.1","0.1","0.1","0.1","0.1","0.1","0.1","0.1","0.1","0.1","0.1",
"Lower middle income","LMC","Prevalence of HIV, total (% of population ages 15-49)","SH.DYN.AIDS.ZS","","","","","","","","","","","","","","","","","","","","","","","","","","","","","","","","","","","","","","","","","","","","","","","","","","","","","","","","","","","","","",
"Low & middle income","LMY","Prevalence of HIV, total (% of population ages 15-49)","SH.DYN.AIDS.ZS","","","","","","","","","","","","","","","","","","","","","","","","","","","","","","","","","","","","","","","","","","","","","","","","","","","","","","","","","","","","","",
"Lesotho","LSO","Prevalence of HIV, total (% of population ages 15-49)","SH.DYN.AIDS.ZS","","","","","","","","","","","","","","","","","","","","","","","","","","","","","","","1.8","2.9","4.6","6.9","9.6","12.5","15.2","17.4","19.2","20.5","21.4","22","22.3","22.6","22.8","22.9","23.1","23.3","23.5","23.8","24","24.3","24.4","24.5","24.4","24.1","23.7","23.1","22.4","21.8","21.1",
"Late-demographic dividend","LTE","Prevalence of HIV, total (% of population ages 15-49)","SH.DYN.AIDS.ZS","","","","","","","","","","","","","","","","","","","","","","","","","","","","","","","","","","","","","","","","","","","","","","","","","","","","","","","","","","","","","",
"Lithuania","LTU","Prevalence of HIV, total (% of population ages 15-49)","SH.DYN.AIDS.ZS","","","","","","","","","","","","","","","","","","","","","","","","","","","","","","","","","","","","","","","","","","","","","","","","","","","","","","","","","","","","","",
"Luxembourg","LUX","Prevalence of HIV, total (% of population ages 15-49)","SH.DYN.AIDS.ZS","","","","","","","","","","","","","","","","","","","","","","","","","","","","","","","","","","","","","","","","","","","","","","","","","","","","","","","","","","","","","",
"Latvia","LVA","Prevalence of HIV, total (% of population ages 15-49)","SH.DYN.AIDS.ZS","","","","","","","","","","","","","","","","","","","","","","","","","","","","","","","","","","","","","","","","","","","","","","","","","","","","","","","","","","","","","",
"Macao SAR, China","MAC","Prevalence of HIV, total (% of population ages 15-49)","SH.DYN.AIDS.ZS","","","","","","","","","","","","","","","","","","","","","","","","","","","","","","","","","","","","","","","","","","","","","","","","","","","","","","","","","","","","","",
"St. Martin (French part)","MAF","Prevalence of HIV, total (% of population ages 15-49)","SH.DYN.AIDS.ZS","","","","","","","","","","","","","","","","","","","","","","","","","","","","","","","","","","","","","","","","","","","","","","","","","","","","","","","","","","","","","",
"Morocco","MAR","Prevalence of HIV, total (% of population ages 15-49)","SH.DYN.AIDS.ZS","","","","","","","","","","","","","","","","","","","","","","","","","","","","","","","0.1","0.1","0.1","0.1","0.1","0.1","0.1","0.1","0.1","0.1","0.1","0.1","0.1","0.1","0.1","0.1","0.1","0.1","0.1","0.1","0.1","0.1","0.1","0.1","0.1","0.1","0.1","0.1","0.1","0.1","0.1",
"Monaco","MCO","Prevalence of HIV, total (% of population ages 15-49)","SH.DYN.AIDS.ZS","","","","","","","","","","","","","","","","","","","","","","","","","","","","","","","","","","","","","","","","","","","","","","","","","","","","","","","","","","","","","",
"Moldova","MDA","Prevalence of HIV, total (% of population ages 15-49)","SH.DYN.AIDS.ZS","","","","","","","","","","","","","","","","","","","","","","","","","","","","","","","0.1","0.1","0.1","0.1","0.1","0.1","0.1","0.1","0.2","0.2","0.3","0.3","0.4","0.4","0.4","0.4","0.5","0.5","0.5","0.6","0.6","0.6","0.6","0.7","0.7","0.7","0.7","0.7","0.7","0.8","0.8",
"Madagascar","MDG","Prevalence of HIV, total (% of population ages 15-49)","SH.DYN.AIDS.ZS","","","","","","","","","","","","","","","","","","","","","","","","","","","","","","","0.1","0.1","0.1","0.1","0.1","0.1","0.1","0.1","0.1","0.1","0.1","0.1","0.1","0.1","0.1","0.1","0.1","0.1","0.1","0.1","0.1","0.1","0.1","0.1","0.2","0.2","0.2","0.2","0.2","0.3","0.3",
"Maldives","MDV","Prevalence of HIV, total (% of population ages 15-49)","SH.DYN.AIDS.ZS","","","","","","","","","","","","","","","","","","","","","","","","","","","","","","","","","","","","","","","","","","","","","","","","","","","","","","","","","","","","","",
"Middle East & North Africa","MEA","Prevalence of HIV, total (% of population ages 15-49)","SH.DYN.AIDS.ZS","","","","","","","","","","","","","","","","","","","","","","","","","","","","","","","0.1","0.100260640244338","0.100513324598065","0.101007741480326","0.101731458485323","0.102679723486783","0.103878902859218","0.105321842524276","0.106531352967287","0.107273619713517","0.10778717574222","0.10775912722754","0.107745647788708","0.107254842989157","0.106760688276546","0.106263141076158","0.105799437908417","0.105325114785587","0.104848964901904","0.10461961424714","0.104151280817149","0.103672128569267","0.103441879216178","0.103214022992709","0.10298700227757","0.102758992543071","0.102522589586171","0.102286331986106","0.102046884370768","0.102058397178295","0.101806942893415",
"Mexico","MEX","Prevalence of HIV, total (% of population ages 15-49)","SH.DYN.AIDS.ZS","","","","","","","","","","","","","","","","","","","","","","","","","","","","","","","0.1","0.1","0.1","0.2","0.2","0.2","0.2","0.2","0.2","0.2","0.2","0.3","0.3","0.3","0.3","0.3","0.3","0.3","0.3","0.3","0.3","0.3","0.3","0.3","0.3","0.3","0.3","0.3","0.3","0.4","0.4",
"Marshall Islands","MHL","Prevalence of HIV, total (% of population ages 15-49)","SH.DYN.AIDS.ZS","","","","","","","","","","","","","","","","","","","","","","","","","","","","","","","","","","","","","","","","","","","","","","","","","","","","","","","","","","","","","",
"Middle income","MIC","Prevalence of HIV, total (% of population ages 15-49)","SH.DYN.AIDS.ZS","","","","","","","","","","","","","","","","","","","","","","","","","","","","","","","","","","","","","","","","","","","","","","","","","","","","","","","","","","","","","",
"North Macedonia","MKD","Prevalence of HIV, total (% of population ages 15-49)","SH.DYN.AIDS.ZS","","","","","","","","","","","","","","","","","","","","","","","","","","","","","","","","","","","","","","","","","","","","","","","","","","","","","","","","","","","","","",
"Mali","MLI","Prevalence of HIV, total (% of population ages 15-49)","SH.DYN.AIDS.ZS","","","","","","","","","","","","","","","","","","","","","","","","","","","","","","","1.1","1.4","1.5","1.7","1.8","1.9","2","2","2","2","1.9","1.8","1.8","1.7","1.6","1.6","1.5","1.4","1.4","1.4","1.3","1.3","1.3","1.2","1.2","1.1","1.1","1","1","0.9","0.9",
"Malta","MLT","Prevalence of HIV, total (% of population ages 15-49)","SH.DYN.AIDS.ZS","","","","","","","","","","","","","","","","","","","","","","","","","","","","","","","","","","","","","","","","","","","","","","","","","","","","","","","","","","","","","",
"Myanmar","MMR","Prevalence of HIV, total (% of population ages 15-49)","SH.DYN.AIDS.ZS","","","","","","","","","","","","","","","","","","","","","","","","","","","","","","","","","","","","","","","","","","","","","","","","","","","","","","","","","","","","","",
"Middle East & North Africa (excluding high income)","MNA","Prevalence of HIV, total (% of population ages 15-49)","SH.DYN.AIDS.ZS","","","","","","","","","","","","","","","","","","","","","","","","","","","","","","","0.1","0.100287203532291","0.10056547410148","0.101109698469247","0.10190608414465","0.102949618897705","0.10427194908345","0.105864529351169","0.107200696287843","0.1080216732759","0.108591362996243","0.108575211666311","0.108575902668004","0.108049934378909","0.107523293140685","0.106996034584038","0.106514206516914","0.106019350539892","0.10551657670829","0.105286323099201","0.104773064211385","0.104238165168726","0.103983918092003","0.103728165876055","0.103470610429388","0.103210160643364","0.102938029210984","0.10266494357524","0.102386954741535","0.102400612372297","0.102106861015325",
"Montenegro","MNE","Prevalence of HIV, total (% of population ages 15-49)","SH.DYN.AIDS.ZS","","","","","","","","","","","","","","","","","","","","","","","","","","","","","","","0.1","0.1","0.1","0.1","0.1","0.1","0.1","0.1","0.1","0.1","0.1","0.1","0.1","0.1","0.1","0.1","0.1","0.1","0.1","0.1","0.1","0.1","0.1","0.1","0.1","0.1","0.1","0.1","0.1","0.1","0.1",
"Mongolia","MNG","Prevalence of HIV, total (% of population ages 15-49)","SH.DYN.AIDS.ZS","","","","","","","","","","","","","","","","","","","","","","","","","","","","","","","0.1","0.1","0.1","0.1","0.1","0.1","0.1","0.1","0.1","0.1","0.1","0.1","0.1","0.1","0.1","0.1","0.1","0.1","0.1","0.1","0.1","0.1","0.1","0.1","0.1","0.1","0.1","0.1","0.1","0.1","0.1",
"Northern Mariana Islands","MNP","Prevalence of HIV, total (% of population ages 15-49)","SH.DYN.AIDS.ZS","","","","","","","","","","","","","","","","","","","","","","","","","","","","","","","","","","","","","","","","","","","","","","","","","","","","","","","","","","","","","",
"Mozambique","MOZ","Prevalence of HIV, total (% of population ages 15-49)","SH.DYN.AIDS.ZS","","","","","","","","","","","","","","","","","","","","","","","","","","","","","","","1.2","1.6","2.1","2.7","3.4","4.1","4.9","5.8","6.7","7.6","8.5","9.2","9.9","10.4","10.8","11","11.2","11.4","11.5","11.7","11.8","11.9","11.9","12","12","12","12","11.9","11.8","11.7","11.5",
"Mauritania","MRT","Prevalence of HIV, total (% of population ages 15-49)","SH.DYN.AIDS.ZS","","","","","","","","","","","","","","","","","","","","","","","","","","","","","","","0.1","0.1","0.2","0.2","0.3","0.3","0.4","0.4","0.5","0.5","0.6","0.6","0.6","0.6","0.6","0.6","0.6","0.6","0.6","0.5","0.5","0.5","0.5","0.4","0.4","0.4","0.4","0.3","0.3","0.3","0.3",
"Mauritius","MUS","Prevalence of HIV, total (% of population ages 15-49)","SH.DYN.AIDS.ZS","","","","","","","","","","","","","","","","","","","","","","","","","","","","","","","0.1","0.1","0.1","0.1","0.1","0.1","0.1","0.2","0.3","0.4","0.6","0.7","0.9","1","1.1","1.2","1.3","1.4","1.4","1.5","1.6","1.6","1.6","1.7","1.7","1.7","1.7","1.7","1.7","1.7","1.7",
"Malawi","MWI","Prevalence of HIV, total (% of population ages 15-49)","SH.DYN.AIDS.ZS","","","","","","","","","","","","","","","","","","","","","","","","","","","","","","","8.2","9.5","10.8","12","13.1","14","14.7","15.1","15.3","15.2","14.9","14.5","14","13.4","12.9","12.4","11.9","11.5","11.1","10.9","10.7","10.5","10.3","10.1","9.9","9.7","9.4","9.1","8.8","8.5","8.1",
"Malaysia","MYS","Prevalence of HIV, total (% of population ages 15-49)","SH.DYN.AIDS.ZS","","","","","","","","","","","","","","","","","","","","","","","","","","","","","","","0.1","0.2","0.2","0.3","0.3","0.3","0.4","0.4","0.4","0.4","0.4","0.4","0.4","0.4","0.4","0.4","0.4","0.4","0.4","0.4","0.4","0.4","0.4","0.4","0.4","0.4","0.4","0.4","0.4","0.4","0.4",
"North America","NAC","Prevalence of HIV, total (% of population ages 15-49)","SH.DYN.AIDS.ZS","","","","","","","","","","","","","","","","","","","","","","","","","","","","","","","","","","","","","","","","","","","","","","","","","","","0.5","0.5","0.5","0.5","0.5","0.5","0.4","0.4","0.4","0.4","",
"Namibia","NAM","Prevalence of HIV, total (% of population ages 15-49)","SH.DYN.AIDS.ZS","","","","","","","","","","","","","","","","","","","","","","","","","","","","","","","1.9","2.7","3.7","5","6.5","8.2","9.8","11.2","12.3","13.1","13.6","13.9","14","13.9","13.8","13.6","13.5","13.4","13.4","13.3","13.3","13.2","13.1","13","12.8","12.7","12.6","12.4","12.2","11.9","11.6",
"New Caledonia","NCL","Prevalence of HIV, total (% of population ages 15-49)","SH.DYN.AIDS.ZS","","","","","","","","","","","","","","","","","","","","","","","","","","","","","","","","","","","","","","","","","","","","","","","","","","","","","","","","","","","","","",
"Niger","NER","Prevalence of HIV, total (% of population ages 15-49)","SH.DYN.AIDS.ZS","","","","","","","","","","","","","","","","","","","","","","","","","","","","","","","0.2","0.2","0.3","0.3","0.4","0.4","0.5","0.6","0.6","0.6","0.7","0.7","0.7","0.6","0.6","0.6","0.6","0.5","0.5","0.4","0.4","0.4","0.3","0.3","0.3","0.3","0.3","0.2","0.2","0.2","0.2",
"Nigeria","NGA","Prevalence of HIV, total (% of population ages 15-49)","SH.DYN.AIDS.ZS","","","","","","","","","","","","","","","","","","","","","","","","","","","","","","","0.6","0.7","0.8","0.9","1","1.1","1.2","1.3","1.4","1.4","1.5","1.5","1.5","1.5","1.5","1.5","1.5","1.4","1.4","1.4","1.4","1.4","1.4","1.4","1.4","1.4","1.4","1.4","1.3","1.3","1.3",
"Nicaragua","NIC","Prevalence of HIV, total (% of population ages 15-49)","SH.DYN.AIDS.ZS","","","","","","","","","","","","","","","","","","","","","","","","","","","","","","","0.1","0.1","0.1","0.1","0.1","0.1","0.1","0.1","0.1","0.1","0.1","0.2","0.2","0.2","0.2","0.2","0.2","0.2","0.2","0.2","0.2","0.2","0.2","0.2","0.2","0.2","0.2","0.2","0.2","0.2","0.2",
"Netherlands","NLD","Prevalence of HIV, total (% of population ages 15-49)","SH.DYN.AIDS.ZS","","","","","","","","","","","","","","","","","","","","","","","","","","","","","","","0.1","0.1","0.1","0.1","0.1","0.1","0.1","0.1","0.1","0.1","0.1","0.1","0.1","0.1","0.1","0.1","0.2","0.2","0.2","0.2","0.2","0.2","0.2","0.2","0.2","0.2","0.2","0.2","0.2","0.2","0.2",
"Norway","NOR","Prevalence of HIV, total (% of population ages 15-49)","SH.DYN.AIDS.ZS","","","","","","","","","","","","","","","","","","","","","","","","","","","","","","","","","","","","","","","","","","","","","","","","","","","","","","","","","","","","","",
"Nepal","NPL","Prevalence of HIV, total (% of population ages 15-49)","SH.DYN.AIDS.ZS","","","","","","","","","","","","","","","","","","","","","","","","","","","","","","","0.1","0.1","0.1","0.1","0.1","0.1","0.1","0.1","0.1","0.1","0.1","0.2","0.2","0.2","0.2","0.2","0.2","0.2","0.2","0.2","0.2","0.2","0.2","0.2","0.2","0.2","0.2","0.1","0.1","0.1","0.1",
"Nauru","NRU","Prevalence of HIV, total (% of population ages 15-49)","SH.DYN.AIDS.ZS","","","","","","","","","","","","","","","","","","","","","","","","","","","","","","","","","","","","","","","","","","","","","","","","","","","","","","","","","","","","","",
"New Zealand","NZL","Prevalence of HIV, total (% of population ages 15-49)","SH.DYN.AIDS.ZS","","","","","","","","","","","","","","","","","","","","","","","","","","","","","","","0.1","0.1","0.1","0.1","0.1","0.1","0.1","0.1","0.1","0.1","0.1","0.1","0.1","0.1","0.1","0.1","0.1","0.1","0.1","0.1","0.1","0.1","0.1","0.1","0.1","0.1","0.1","0.1","0.1","0.1","0.1",
"OECD members","OED","Prevalence of HIV, total (% of population ages 15-49)","SH.DYN.AIDS.ZS","","","","","","","","","","","","","","","","","","","","","","","","","","","","","","","","","","","","","","","","","","","","","","","","","","","0.324859275306822","0.326197180910875","0.327934581097316","0.331014410551097","0.331408429251243","0.331798614054055","0.29747971816974","0.300158833443303","0.301287058386855","0.311723179318669","",
"Oman","OMN","Prevalence of HIV, total (% of population ages 15-49)","SH.DYN.AIDS.ZS","","","","","","","","","","","","","","","","","","","","","","","","","","","","","","","","","","","","","","","","","","","","","","","","","","","","","","","","","","","","","",
"Other small states","OSS","Prevalence of HIV, total (% of population ages 15-49)","SH.DYN.AIDS.ZS","","","","","","","","","","","","","","","","","","","","","","","","","","","","","","","1.03290600520922","1.54807863652052","2.24172608782835","3.10872125839339","4.07855643609106","5.12169849070006","6.07792891719884","6.89029230498595","7.54979960557326","8.01569501961944","8.34688700312508","8.52474896093607","8.58114804947008","8.56502074367809","8.49628681607877","8.40108676302908","8.27225294017381","8.12211421875773","7.99602973504157","7.87777627616415","7.78261796390191","7.69841958057181","7.59859530295184","7.5277959272783","7.43280184242526","7.3262002006885","7.22437017319909","7.09056041871649","6.95504073548531","6.8106291299493","6.63817701684412",
"Pakistan","PAK","Prevalence of HIV, total (% of population ages 15-49)","SH.DYN.AIDS.ZS","","","","","","","","","","","","","","","","","","","","","","","","","","","","","","","0.1","0.1","0.1","0.1","0.1","0.1","0.1","0.1","0.1","0.1","0.1","0.1","0.1","0.1","0.1","0.1","0.1","0.1","0.1","0.1","0.1","0.1","0.1","0.1","0.1","0.1","0.1","0.1","0.1","0.1","0.2",
"Panama","PAN","Prevalence of HIV, total (% of population ages 15-49)","SH.DYN.AIDS.ZS","","","","","","","","","","","","","","","","","","","","","","","","","","","","","","","0.3","0.3","0.3","0.4","0.4","0.5","0.5","0.5","0.5","0.5","0.6","0.6","0.6","0.6","0.7","0.7","0.7","0.7","0.7","0.8","0.8","0.8","0.8","0.9","0.9","0.9","0.9","0.9","1","1","1",
"Peru","PER","Prevalence of HIV, total (% of population ages 15-49)","SH.DYN.AIDS.ZS","","","","","","","","","","","","","","","","","","","","","","","","","","","","","","","0.5","0.5","0.5","0.4","0.4","0.4","0.4","0.4","0.4","0.4","0.3","0.3","0.3","0.3","0.3","0.3","0.3","0.3","0.3","0.3","0.3","0.3","0.3","0.3","0.3","0.3","0.3","0.3","0.3","0.3","0.3",
"Philippines","PHL","Prevalence of HIV, total (% of population ages 15-49)","SH.DYN.AIDS.ZS","","","","","","","","","","","","","","","","","","","","","","","","","","","","","","","0.1","0.1","0.1","0.1","0.1","0.1","0.1","0.1","0.1","0.1","0.1","0.1","0.1","0.1","0.1","0.1","0.1","0.1","0.1","0.1","0.1","0.1","0.1","0.1","0.1","0.1","0.1","0.1","0.1","0.2","0.2",
"Palau","PLW","Prevalence of HIV, total (% of population ages 15-49)","SH.DYN.AIDS.ZS","","","","","","","","","","","","","","","","","","","","","","","","","","","","","","","","","","","","","","","","","","","","","","","","","","","","","","","","","","","","","",
"Papua New Guinea","PNG","Prevalence of HIV, total (% of population ages 15-49)","SH.DYN.AIDS.ZS","","","","","","","","","","","","","","","","","","","","","","","","","","","","","","","0.1","0.1","0.1","0.1","0.1","0.1","0.1","0.1","0.2","0.2","0.3","0.4","0.5","0.5","0.6","0.6","0.7","0.7","0.7","0.7","0.7","0.7","0.7","0.8","0.8","0.8","0.8","0.8","0.9","0.9","0.9",
"Poland","POL","Prevalence of HIV, total (% of population ages 15-49)","SH.DYN.AIDS.ZS","","","","","","","","","","","","","","","","","","","","","","","","","","","","","","","","","","","","","","","","","","","","","","","","","","","","","","","","","","","","","",
"Pre-demographic dividend","PRE","Prevalence of HIV, total (% of population ages 15-49)","SH.DYN.AIDS.ZS","","","","","","","","","","","","","","","","","","","","","","","","","","","","","","","2.02661226572789","2.33835486521266","2.62152128319821","2.87792668583504","3.08320206277055","3.25519764368044","3.37290542410726","3.47094383526454","3.53050600740291","3.52621005063574","3.52297446456355","3.47415855511575","3.40926081660593","3.31962545698737","3.25033611643183","3.16772926535017","3.09127597744638","3.01937688137074","2.96534065509398","2.94685580250877","2.90478833075135","2.88333614893165","2.84147807313972","2.80230911564317","2.7642131771523","2.71883434358045","2.68065372161948","2.62097456529158","2.5445050851457","2.50034749636479","2.43256701421302",
"Puerto Rico","PRI","Prevalence of HIV, total (% of population ages 15-49)","SH.DYN.AIDS.ZS","","","","","","","","","","","","","","","","","","","","","","","","","","","","","","","","","","","","","","","","","","","","","","","","","","","","","","","","","","","","","",
"Korea, Dem. People's Rep.","PRK","Prevalence of HIV, total (% of population ages 15-49)","SH.DYN.AIDS.ZS","","","","","","","","","","","","","","","","","","","","","","","","","","","","","","","","","","","","","","","","","","","","","","","","","","","","","","","","","","","","","",
"Portugal","PRT","Prevalence of HIV, total (% of population ages 15-49)","SH.DYN.AIDS.ZS","","","","","","","","","","","","","","","","","","","","","","","","","","","","","","","0.2","0.2","0.3","0.3","0.4","0.4","0.4","0.4","0.4","0.5","0.5","0.5","0.5","0.5","0.5","0.5","0.5","0.5","0.5","0.5","0.5","0.5","0.5","0.5","0.5","0.5","0.5","0.5","0.5","0.5","0.5",
"Paraguay","PRY","Prevalence of HIV, total (% of population ages 15-49)","SH.DYN.AIDS.ZS","","","","","","","","","","","","","","","","","","","","","","","","","","","","","","","0.1","0.1","0.1","0.1","0.1","0.1","0.2","0.2","0.3","0.3","0.4","0.4","0.4","0.4","0.4","0.4","0.4","0.4","0.4","0.4","0.4","0.4","0.4","0.4","0.4","0.4","0.4","0.4","0.4","0.4","0.3",
"West Bank and Gaza","PSE","Prevalence of HIV, total (% of population ages 15-49)","SH.DYN.AIDS.ZS","","","","","","","","","","","","","","","","","","","","","","","","","","","","","","","","","","","","","","","","","","","","","","","","","","","","","","","","","","","","","",
"Pacific island small states","PSS","Prevalence of HIV, total (% of population ages 15-49)","SH.DYN.AIDS.ZS","","","","","","","","","","","","","","","","","","","","","","","","","","","","","","","","","","","","","","","","","","","","","","","","","","","","","","","","","","","","","",
"Post-demographic dividend","PST","Prevalence of HIV, total (% of population ages 15-49)","SH.DYN.AIDS.ZS","","","","","","","","","","","","","","","","","","","","","","","","","","","","","","","","","","","","","","","","","","","","","","","","","","","0.356527055606003","0.360959852538461","0.362589272241576","0.362749771797521","0.364158361118969","0.364387021820283","0.324627985855614","0.323917791542371","0.331214323188721","0.324404875228864","",
"French Polynesia","PYF","Prevalence of HIV, total (% of population ages 15-49)","SH.DYN.AIDS.ZS","","","","","","","","","","","","","","","","","","","","","","","","","","","","","","","","","","","","","","","","","","","","","","","","","","","","","","","","","","","","","",
"Qatar","QAT","Prevalence of HIV, total (% of population ages 15-49)","SH.DYN.AIDS.ZS","","","","","","","","","","","","","","","","","","","","","","","","","","","","","","","0.1","0.1","0.1","0.1","0.1","0.1","0.1","0.1","0.1","0.1","0.1","0.1","0.1","0.1","0.1","0.1","0.1","0.1","0.1","0.1","0.1","0.1","0.1","0.1","0.1","0.1","0.1","0.1","0.1","0.1","0.1",
"Romania","ROU","Prevalence of HIV, total (% of population ages 15-49)","SH.DYN.AIDS.ZS","","","","","","","","","","","","","","","","","","","","","","","","","","","","","","","0.1","0.1","0.1","0.1","0.1","0.1","0.1","0.1","0.1","0.1","0.1","0.1","0.1","0.1","0.1","0.1","0.1","0.1","0.1","0.1","0.1","0.1","0.1","0.1","0.1","0.1","0.1","0.1","0.1","0.1","0.1",
"Russian Federation","RUS","Prevalence of HIV, total (% of population ages 15-49)","SH.DYN.AIDS.ZS","","","","","","","","","","","","","","","","","","","","","","","","","","","","","","","","","","","","","","","","","","","","","","","","","","","","","","","","","","","","","",
"Rwanda","RWA","Prevalence of HIV, total (% of population ages 15-49)","SH.DYN.AIDS.ZS","","","","","","","","","","","","","","","","","","","","","","","","","","","","","","","2.2","2.6","3","3.4","3.8","4.1","4.3","4.4","4.5","4.4","4.4","4.3","4.1","3.9","3.7","3.5","3.4","3.4","3.3","3.3","3.3","3.2","3.2","3.1","3","2.9","2.8","2.7","2.7","2.6","2.5",
"South Asia","SAS","Prevalence of HIV, total (% of population ages 15-49)","SH.DYN.AIDS.ZS","","","","","","","","","","","","","","","","","","","","","","","","","","","","","","","","","","","","","","","","","","","","","","","","","","","","","","","","","","","","","",
"Saudi Arabia","SAU","Prevalence of HIV, total (% of population ages 15-49)","SH.DYN.AIDS.ZS","","","","","","","","","","","","","","","","","","","","","","","","","","","","","","","0.1","0.1","0.1","0.1","0.1","0.1","0.1","0.1","0.1","0.1","0.1","0.1","0.1","0.1","0.1","0.1","0.1","0.1","0.1","0.1","0.1","0.1","0.1","0.1","0.1","0.1","0.1","0.1","0.1","0.1","0.1",
"Sudan","SDN","Prevalence of HIV, total (% of population ages 15-49)","SH.DYN.AIDS.ZS","","","","","","","","","","","","","","","","","","","","","","","","","","","","","","","0.1","0.1","0.1","0.1","0.1","0.1","0.1","0.1","0.2","0.2","0.2","0.2","0.2","0.2","0.2","0.2","0.2","0.2","0.2","0.2","0.2","0.2","0.2","0.2","0.2","0.2","0.2","0.2","0.2","0.2","0.2",
"Senegal","SEN","Prevalence of HIV, total (% of population ages 15-49)","SH.DYN.AIDS.ZS","","","","","","","","","","","","","","","","","","","","","","","","","","","","","","","0.2","0.2","0.2","0.3","0.3","0.4","0.4","0.5","0.6","0.6","0.7","0.7","0.7","0.7","0.7","0.7","0.7","0.7","0.7","0.6","0.6","0.6","0.5","0.5","0.5","0.4","0.4","0.4","0.4","0.3","0.3",
"Singapore","SGP","Prevalence of HIV, total (% of population ages 15-49)","SH.DYN.AIDS.ZS","","","","","","","","","","","","","","","","","","","","","","","","","","","","","","","0.1","0.1","0.1","0.1","0.1","0.1","0.1","0.1","0.1","0.1","0.1","0.2","0.2","0.2","0.2","0.2","0.2","0.2","0.2","0.2","0.2","0.3","0.3","0.3","0.3","0.3","0.3","0.2","0.2","0.2","0.2",
"Solomon Islands","SLB","Prevalence of HIV, total (% of population ages 15-49)","SH.DYN.AIDS.ZS","","","","","","","","","","","","","","","","","","","","","","","","","","","","","","","","","","","","","","","","","","","","","","","","","","","","","","","","","","","","","",
"Sierra Leone","SLE","Prevalence of HIV, total (% of population ages 15-49)","SH.DYN.AIDS.ZS","","","","","","","","","","","","","","","","","","","","","","","","","","","","","","","0.6","0.8","0.9","1","1.1","1.3","1.4","1.4","1.5","1.6","1.6","1.6","1.7","1.7","1.6","1.6","1.6","1.6","1.6","1.6","1.6","1.6","1.6","1.6","1.6","1.6","1.6","1.6","1.6","1.6","1.5",
"El Salvador","SLV","Prevalence of HIV, total (% of population ages 15-49)","SH.DYN.AIDS.ZS","","","","","","","","","","","","","","","","","","","","","","","","","","","","","","","0.1","0.1","0.1","0.1","0.1","0.2","0.2","0.2","0.3","0.3","0.3","0.4","0.4","0.4","0.4","0.5","0.5","0.5","0.5","0.5","0.5","0.6","0.6","0.6","0.6","0.6","0.5","0.5","0.5","0.5","0.5",
"San Marino","SMR","Prevalence of HIV, total (% of population ages 15-49)","SH.DYN.AIDS.ZS","","","","","","","","","","","","","","","","","","","","","","","","","","","","","","","","","","","","","","","","","","","","","","","","","","","","","","","","","","","","","",
"Somalia","SOM","Prevalence of HIV, total (% of population ages 15-49)","SH.DYN.AIDS.ZS","","","","","","","","","","","","","","","","","","","","","","","","","","","","","","","0.1","0.1","0.1","0.1","0.1","0.1","0.1","0.2","0.2","0.2","0.2","0.2","0.3","0.3","0.3","0.3","0.3","0.3","0.2","0.2","0.2","0.2","0.2","0.2","0.1","0.1","0.1","0.1","0.1","0.1","0.1",
"Serbia","SRB","Prevalence of HIV, total (% of population ages 15-49)","SH.DYN.AIDS.ZS","","","","","","","","","","","","","","","","","","","","","","","","","","","","","","","0.1","0.1","0.1","0.1","0.1","0.1","0.1","0.1","0.1","0.1","0.1","0.1","0.1","0.1","0.1","0.1","0.1","0.1","0.1","0.1","0.1","0.1","0.1","0.1","0.1","0.1","0.1","0.1","0.1","0.1","0.1",
"Sub-Saharan Africa (excluding high income)","SSA","Prevalence of HIV, total (% of population ages 15-49)","SH.DYN.AIDS.ZS","","","","","","","","","","","","","","","","","","","","","","","","","","","","","","","2.16671977539128","2.57817513625925","2.98066100273111","3.36583338754208","3.69859289359871","4.00417855250376","4.23832857795173","4.44130210127006","4.58868338014273","4.66413043426363","4.72763024852656","4.73090563773814","4.69557418348596","4.63558730824646","4.56929965212752","4.49457314851934","4.41022502962634","4.33638283171277","4.2786423225461","4.25539990084847","4.2245488962308","4.19568323433411","4.15711351015833","4.10769148315932","4.06851598336855","4.00021923914603","3.94395032405002","3.85835382745211","3.7610457433902","3.67523941908485","3.57459353147717",
"South Sudan","SSD","Prevalence of HIV, total (% of population ages 15-49)","SH.DYN.AIDS.ZS","","","","","","","","","","","","","","","","","","","","","","","","","","","","","","","0.6","0.8","1","1.1","1.3","1.5","1.6","1.8","1.9","2","2.1","2.2","2.2","2.2","2.2","2.2","2.2","2.2","2.2","2.2","2.2","2.1","2.1","2.1","2.2","2.2","2.2","2.2","2.3","2.3","2.3",
"Sub-Saharan Africa","SSF","Prevalence of HIV, total (% of population ages 15-49)","SH.DYN.AIDS.ZS","","","","","","","","","","","","","","","","","","","","","","","","","","","","","","","2.16671977539128","2.57817513625925","2.98066100273111","3.36583338754207","3.69859289359871","4.00417855250376","4.23832857795173","4.44130210127006","4.58868338014273","4.66413043426363","4.72763024852656","4.73090563773814","4.69557418348596","4.63558730824646","4.56929965212752","4.49457314851934","4.41022502962634","4.33638283171277","4.2786423225461","4.25539990084848","4.2245488962308","4.19568323433411","4.15711351015833","4.10769148315932","4.06851598336856","4.00021923914603","3.94395032405001","3.85835382745211","3.7610457433902","3.67523941908485","3.57459353147717",
"Small states","SST","Prevalence of HIV, total (% of population ages 15-49)","SH.DYN.AIDS.ZS","","","","","","","","","","","","","","","","","","","","","","","","","","","","","","","0.85234348370162","1.23752199028581","1.7446875833355","2.39397996684102","3.1002953658362","3.86993375790508","4.57125262599681","5.18722849276518","5.6837847113795","6.05494862743883","6.33091856578695","6.48680202789271","6.54867350282711","6.56614585777951","6.54426091889898","6.51193792586052","6.4535631164533","6.38288554234479","6.32331247123911","6.27011354327773","6.22779060935983","6.18874960945126","6.11945042803023","6.08629644124462","6.03380046801875","5.96531980108238","5.9027579761568","5.80857363283018","5.71278228327482","5.61005545509736","5.48008885570197",
"Sao Tome and Principe","STP","Prevalence of HIV, total (% of population ages 15-49)","SH.DYN.AIDS.ZS","","","","","","","","","","","","","","","","","","","","","","","","","","","","","","","0.8","1","1.2","1.3","1.4","1.5","1.5","1.5","1.4","1.3","1.3","1.2","1.1","1","1","0.9","0.8","0.8","0.7","0.7","0.6","0.6","0.6","0.5","0.5","0.4","0.4","0.4","0.3","0.3","0.3",
"Suriname","SUR","Prevalence of HIV, total (% of population ages 15-49)","SH.DYN.AIDS.ZS","","","","","","","","","","","","","","","","","","","","","","","","","","","","","","","0.2","0.2","0.3","0.4","0.4","0.5","0.6","0.7","0.8","0.9","1","1.1","1.2","1.2","1.3","1.3","1.3","1.4","1.4","1.4","1.4","1.4","1.3","1.3","1.3","1.3","1.2","1.2","1.2","1.1","1.1",
"Slovak Republic","SVK","Prevalence of HIV, total (% of population ages 15-49)","SH.DYN.AIDS.ZS","","","","","","","","","","","","","","","","","","","","","","","","","","","","","","","","","","","","","","","","","","","","","","","","","","","","","","","","","","","","","",
"Slovenia","SVN","Prevalence of HIV, total (% of population ages 15-49)","SH.DYN.AIDS.ZS","","","","","","","","","","","","","","","","","","","","","","","","","","","","","","","0.1","0.1","0.1","0.1","0.1","0.1","0.1","0.1","0.1","0.1","0.1","0.1","0.1","0.1","0.1","0.1","0.1","0.1","0.1","0.1","0.1","0.1","0.1","0.1","0.1","0.1","0.1","0.1","0.1","0.1","0.1",
"Sweden","SWE","Prevalence of HIV, total (% of population ages 15-49)","SH.DYN.AIDS.ZS","","","","","","","","","","","","","","","","","","","","","","","","","","","","","","","","","","","","","","","","","","","","","","","","","","","","","","","","","","","","","",
"Eswatini","SWZ","Prevalence of HIV, total (% of population ages 15-49)","SH.DYN.AIDS.ZS","","","","","","","","","","","","","","","","","","","","","","","","","","","","","","","1.1","2.1","3.8","6.3","9.2","12.3","15.1","17.5","19.3","20.8","21.9","22.9","23.6","24.3","24.8","25.3","25.8","26.2","26.7","27.1","27.6","27.9","28.2","28.6","28.8","28.9","28.8","28.5","28","27.4","26.8",
"Sint Maarten (Dutch part)","SXM","Prevalence of HIV, total (% of population ages 15-49)","SH.DYN.AIDS.ZS","","","","","","","","","","","","","","","","","","","","","","","","","","","","","","","","","","","","","","","","","","","","","","","","","","","","","","","","","","","","","",
"Seychelles","SYC","Prevalence of HIV, total (% of population ages 15-49)","SH.DYN.AIDS.ZS","","","","","","","","","","","","","","","","","","","","","","","","","","","","","","","","","","","","","","","","","","","","","","","","","","","","","","","","","","","","","",
"Syrian Arab Republic","SYR","Prevalence of HIV, total (% of population ages 15-49)","SH.DYN.AIDS.ZS","","","","","","","","","","","","","","","","","","","","","","","","","","","","","","","0.1","0.1","0.1","0.1","0.1","0.1","0.1","0.1","0.1","0.1","0.1","0.1","0.1","0.1","0.1","0.1","0.1","0.1","0.1","0.1","0.1","0.1","0.1","0.1","0.1","0.1","0.1","0.1","0.1","0.1","0.1",
"Turks and Caicos Islands","TCA","Prevalence of HIV, total (% of population ages 15-49)","SH.DYN.AIDS.ZS","","","","","","","","","","","","","","","","","","","","","","","","","","","","","","","","","","","","","","","","","","","","","","","","","","","","","","","","","","","","","",
"Chad","TCD","Prevalence of HIV, total (% of population ages 15-49)","SH.DYN.AIDS.ZS","","","","","","","","","","","","","","","","","","","","","","","","","","","","","","","1","1.2","1.4","1.6","1.8","1.9","2","2.1","2.1","2.1","2.1","2.1","2","2","1.9","1.8","1.7","1.7","1.6","1.6","1.6","1.6","1.5","1.5","1.4","1.4","1.3","1.3","1.2","1.2","1.1",
"East Asia & Pacific (IDA & IBRD countries)","TEA","Prevalence of HIV, total (% of population ages 15-49)","SH.DYN.AIDS.ZS","","","","","","","","","","","","","","","","","","","","","","","","","","","","","","","","","","","","","","","","","","","","","","","","","","","","","","","","","","","","","",
"Europe & Central Asia (IDA & IBRD countries)","TEC","Prevalence of HIV, total (% of population ages 15-49)","SH.DYN.AIDS.ZS","","","","","","","","","","","","","","","","","","","","","","","","","","","","","","","","","","","","","","","","","","","","","","","","","","","","","","","","","","","","","",
"Togo","TGO","Prevalence of HIV, total (% of population ages 15-49)","SH.DYN.AIDS.ZS","","","","","","","","","","","","","","","","","","","","","","","","","","","","","","","1.9","2.1","2.3","2.5","2.7","2.9","3.2","3.4","3.5","3.6","3.6","3.6","3.5","3.5","3.4","3.3","3.2","3.1","3","2.9","2.8","2.8","2.7","2.6","2.6","2.5","2.4","2.3","2.2","2.1","2",
"Thailand","THA","Prevalence of HIV, total (% of population ages 15-49)","SH.DYN.AIDS.ZS","","","","","","","","","","","","","","","","","","","","","","","","","","","","","","","0.7","1.1","1.5","1.8","2","2.1","2.2","2.2","2.2","2.2","2.1","2.1","2","1.9","1.8","1.8","1.7","1.7","1.7","1.6","1.6","1.5","1.5","1.4","1.4","1.3","1.3","1.2","1.2","1.1","1",
"Tajikistan","TJK","Prevalence of HIV, total (% of population ages 15-49)","SH.DYN.AIDS.ZS","","","","","","","","","","","","","","","","","","","","","","","","","","","","","","","0.1","0.1","0.1","0.1","0.1","0.1","0.1","0.1","0.1","0.1","0.1","0.1","0.1","0.1","0.1","0.1","0.1","0.1","0.1","0.1","0.1","0.1","0.2","0.2","0.2","0.2","0.2","0.2","0.2","0.2","0.2",
"Turkmenistan","TKM","Prevalence of HIV, total (% of population ages 15-49)","SH.DYN.AIDS.ZS","","","","","","","","","","","","","","","","","","","","","","","","","","","","","","","","","","","","","","","","","","","","","","","","","","","","","","","","","","","","","",
"Latin America & the Caribbean (IDA & IBRD countries)","TLA","Prevalence of HIV, total (% of population ages 15-49)","SH.DYN.AIDS.ZS","","","","","","","","","","","","","","","","","","","","","","","","","","","","","","","0.205789937693015","0.215368131692615","0.232724409208509","0.264009708191816","0.277427945865937","0.290576513330113","0.335569756848155","0.345260843593102","0.354604578642501","0.369700011194788","0.371851601800459","0.390762617829966","0.431320234490111","0.427677087251267","0.430517825396493","0.430813706753639","0.427925173132173","0.425351754767636","0.423868164343809","0.463841328974399","0.463875973575074","0.462102231517643","0.458974449632016","0.460215456549386","0.458437305743287","0.458061895871844","0.454757064957526","0.45694949119099","0.453345007258993","0.467183244622984","0.502326577836271",
"Timor-Leste","TLS","Prevalence of HIV, total (% of population ages 15-49)","SH.DYN.AIDS.ZS","","","","","","","","","","","","","","","","","","","","","","","","","","","","","","","0.1","0.1","0.1","0.1","0.1","0.1","0.1","0.1","0.1","0.1","0.1","0.1","0.1","0.1","0.1","0.1","0.1","0.1","0.1","0.1","0.1","0.1","0.1","0.1","0.1","0.1","0.1","0.1","0.1","0.2","0.2",
"Middle East & North Africa (IDA & IBRD countries)","TMN","Prevalence of HIV, total (% of population ages 15-49)","SH.DYN.AIDS.ZS","","","","","","","","","","","","","","","","","","","","","","","","","","","","","","","0.1","0.100287203532291","0.10056547410148","0.101109698469247","0.10190608414465","0.102949618897705","0.10427194908345","0.105864529351169","0.107200696287843","0.1080216732759","0.108591362996243","0.108575211666311","0.108575902668004","0.108049934378909","0.107523293140685","0.106996034584038","0.106514206516914","0.106019350539892","0.10551657670829","0.105286323099201","0.104773064211385","0.104238165168726","0.103983918092003","0.103728165876055","0.103470610429388","0.103210160643364","0.102938029210984","0.10266494357524","0.102386954741535","0.102400612372297","0.102106861015325",
"Tonga","TON","Prevalence of HIV, total (% of population ages 15-49)","SH.DYN.AIDS.ZS","","","","","","","","","","","","","","","","","","","","","","","","","","","","","","","","","","","","","","","","","","","","","","","","","","","","","","","","","","","","","",
"South Asia (IDA & IBRD)","TSA","Prevalence of HIV, total (% of population ages 15-49)","SH.DYN.AIDS.ZS","","","","","","","","","","","","","","","","","","","","","","","","","","","","","","","","","","","","","","","","","","","","","","","","","","","","","","","","","","","","","",
"Sub-Saharan Africa (IDA & IBRD countries)","TSS","Prevalence of HIV, total (% of population ages 15-49)","SH.DYN.AIDS.ZS","","","","","","","","","","","","","","","","","","","","","","","","","","","","","","","2.16671977539128","2.57817513625925","2.98066100273111","3.36583338754208","3.69859289359871","4.00417855250376","4.23832857795173","4.44130210127006","4.58868338014273","4.66413043426363","4.72763024852656","4.73090563773814","4.69557418348596","4.63558730824646","4.56929965212752","4.49457314851934","4.41022502962634","4.33638283171277","4.2786423225461","4.25539990084847","4.2245488962308","4.19568323433411","4.15711351015833","4.10769148315932","4.06851598336856","4.00021923914603","3.94395032405001","3.85835382745211","3.7610457433902","3.67523941908485","3.57459353147717",
"Trinidad and Tobago","TTO","Prevalence of HIV, total (% of population ages 15-49)","SH.DYN.AIDS.ZS","","","","","","","","","","","","","","","","","","","","","","","","","","","","","","","0.2","0.3","0.3","0.4","0.4","0.5","0.6","0.7","0.8","0.8","0.9","1","1","1.1","1.1","1.2","1.2","1.2","1.2","1.2","1.2","1.2","1.1","1.1","1.1","1","1","0.9","0.8","0.8","0.7",
"Tunisia","TUN","Prevalence of HIV, total (% of population ages 15-49)","SH.DYN.AIDS.ZS","","","","","","","","","","","","","","","","","","","","","","","","","","","","","","","0.1","0.1","0.1","0.1","0.1","0.1","0.1","0.1","0.1","0.1","0.1","0.1","0.1","0.1","0.1","0.1","0.1","0.1","0.1","0.1","0.1","0.1","0.1","0.1","0.1","0.1","0.1","0.1","0.1","0.1","0.1",
"Turkey","TUR","Prevalence of HIV, total (% of population ages 15-49)","SH.DYN.AIDS.ZS","","","","","","","","","","","","","","","","","","","","","","","","","","","","","","","","","","","","","","","","","","","","","","","","","","","","","","","","","","","","","",
"Tuvalu","TUV","Prevalence of HIV, total (% of population ages 15-49)","SH.DYN.AIDS.ZS","","","","","","","","","","","","","","","","","","","","","","","","","","","","","","","","","","","","","","","","","","","","","","","","","","","","","","","","","","","","","",
"Tanzania","TZA","Prevalence of HIV, total (% of population ages 15-49)","SH.DYN.AIDS.ZS","","","","","","","","","","","","","","","","","","","","","","","","","","","","","","","3.4","4","4.5","5","5.4","5.7","5.9","6.1","6.1","6.2","6.1","6.1","6","5.8","5.7","5.5","5.4","5.3","5.2","5.2","5.2","5.2","5.2","5.1","5.1","5.1","5.1","5","4.9","4.8","4.7",
"Uganda","UGA","Prevalence of HIV, total (% of population ages 15-49)","SH.DYN.AIDS.ZS","","","","","","","","","","","","","","","","","","","","","","","","","","","","","","","10.1","10.1","10.1","9.9","9.8","9.5","9.3","9","8.7","8.4","8.1","7.9","7.6","7.4","7.2","7.1","7","7","6.9","6.9","6.8","6.8","6.7","6.6","6.5","6.3","6.2","6","5.8","5.6","5.4",
"Ukraine","UKR","Prevalence of HIV, total (% of population ages 15-49)","SH.DYN.AIDS.ZS","","","","","","","","","","","","","","","","","","","","","","","","","","","","","","","0.1","0.1","0.1","0.1","0.1","0.1","0.2","0.3","0.4","0.5","0.6","0.7","0.8","0.8","0.9","0.9","0.9","0.9","0.9","0.9","0.9","0.9","0.9","0.9","0.9","0.9","0.9","0.9","1","1","1",
"Upper middle income","UMC","Prevalence of HIV, total (% of population ages 15-49)","SH.DYN.AIDS.ZS","","","","","","","","","","","","","","","","","","","","","","","","","","","","","","","","","","","","","","","","","","","","","","","","","","","","","","","","","","","","","",
"Uruguay","URY","Prevalence of HIV, total (% of population ages 15-49)","SH.DYN.AIDS.ZS","","","","","","","","","","","","","","","","","","","","","","","","","","","","","","","0.1","0.1","0.1","0.1","0.1","0.1","0.2","0.2","0.2","0.2","0.2","0.2","0.3","0.3","0.3","0.3","0.3","0.3","0.3","0.3","0.3","0.4","0.4","0.4","0.4","0.4","0.4","0.4","0.4","0.4","0.4",
"United States","USA","Prevalence of HIV, total (% of population ages 15-49)","SH.DYN.AIDS.ZS","","","","","","","","","","","","","","","","","","","","","","","","","","","","","","","","","","","","","","","","","","","","","","","","","","","0.5","0.5","0.5","0.5","0.5","0.5","0.4","0.4","0.4","0.4","",
"Uzbekistan","UZB","Prevalence of HIV, total (% of population ages 15-49)","SH.DYN.AIDS.ZS","","","","","","","","","","","","","","","","","","","","","","","","","","","","","","","0.1","0.1","0.1","0.1","0.1","0.1","0.1","0.1","0.1","0.1","0.1","0.1","0.1","0.1","0.1","0.1","0.1","0.1","0.1","0.1","0.1","0.1","0.2","0.2","0.2","0.2","0.2","0.2","0.2","0.2","0.2",
"St. Vincent and the Grenadines","VCT","Prevalence of HIV, total (% of population ages 15-49)","SH.DYN.AIDS.ZS","","","","","","","","","","","","","","","","","","","","","","","","","","","","","","","","","","","","","","","","","","","","","","","","","","","","","","","","","","","","","",
"Venezuela, RB","VEN","Prevalence of HIV, total (% of population ages 15-49)","SH.DYN.AIDS.ZS","","","","","","","","","","","","","","","","","","","","","","","","","","","","","","","0.1","0.1","0.1","0.1","0.1","0.1","0.2","0.2","0.2","0.3","0.4","0.4","0.5","0.5","0.6","0.6","0.6","0.6","0.6","0.6","0.6","0.6","0.6","0.6","0.6","0.6","0.6","0.6","0.6","0.5","0.5",
"British Virgin Islands","VGB","Prevalence of HIV, total (% of population ages 15-49)","SH.DYN.AIDS.ZS","","","","","","","","","","","","","","","","","","","","","","","","","","","","","","","","","","","","","","","","","","","","","","","","","","","","","","","","","","","","","",
"Virgin Islands (U.S.)","VIR","Prevalence of HIV, total (% of population ages 15-49)","SH.DYN.AIDS.ZS","","","","","","","","","","","","","","","","","","","","","","","","","","","","","","","","","","","","","","","","","","","","","","","","","","","","","","","","","","","","","",
"Vietnam","VNM","Prevalence of HIV, total (% of population ages 15-49)","SH.DYN.AIDS.ZS","","","","","","","","","","","","","","","","","","","","","","","","","","","","","","","0.1","0.1","0.1","0.1","0.1","0.1","0.1","0.2","0.2","0.2","0.3","0.3","0.3","0.3","0.3","0.3","0.3","0.3","0.3","0.4","0.4","0.4","0.4","0.4","0.4","0.4","0.4","0.4","0.4","0.3","0.3",
"Vanuatu","VUT","Prevalence of HIV, total (% of population ages 15-49)","SH.DYN.AIDS.ZS","","","","","","","","","","","","","","","","","","","","","","","","","","","","","","","","","","","","","","","","","","","","","","","","","","","","","","","","","","","","","",
"World","WLD","Prevalence of HIV, total (% of population ages 15-49)","SH.DYN.AIDS.ZS","","","","","","","","","","","","","","","","","","","","","","","","","","","","","","","0.3","0.3","0.4","0.4","0.5","0.5","0.6","0.6","0.6","0.7","0.7","0.7","0.7","0.7","0.7","0.7","0.7","0.7","0.7","0.7","0.7","0.7","0.7","0.7","0.7","0.7","0.7","0.7","0.7","0.7","0.7",
"Samoa","WSM","Prevalence of HIV, total (% of population ages 15-49)","SH.DYN.AIDS.ZS","","","","","","","","","","","","","","","","","","","","","","","","","","","","","","","","","","","","","","","","","","","","","","","","","","","","","","","","","","","","","",
"Kosovo","XKX","Prevalence of HIV, total (% of population ages 15-49)","SH.DYN.AIDS.ZS","","","","","","","","","","","","","","","","","","","","","","","","","","","","","","","","","","","","","","","","","","","","","","","","","","","","","","","","","","","","","",
"Yemen, Rep.","YEM","Prevalence of HIV, total (% of population ages 15-49)","SH.DYN.AIDS.ZS","","","","","","","","","","","","","","","","","","","","","","","","","","","","","","","0.1","0.1","0.1","0.1","0.1","0.1","0.1","0.1","0.1","0.1","0.1","0.1","0.1","0.1","0.1","0.1","0.1","0.1","0.1","0.1","0.1","0.1","0.1","0.1","0.1","0.1","0.1","0.1","0.1","0.1","0.1",
"South Africa","ZAF","Prevalence of HIV, total (% of population ages 15-49)","SH.DYN.AIDS.ZS","","","","","","","","","","","","","","","","","","","","","","","","","","","","","","","0.6","1.1","1.8","2.8","3.9","5.3","6.7","8.2","9.6","10.9","12.1","13.2","14.1","14.8","15.4","15.9","16.2","16.5","16.9","17.3","17.7","18.1","18.4","18.7","19","19.2","19.3","19.4","19.4","19.3","19.1",
"Zambia","ZMB","Prevalence of HIV, total (% of population ages 15-49)","SH.DYN.AIDS.ZS","","","","","","","","","","","","","","","","","","","","","","","","","","","","","","","8.2","9.6","10.9","12","12.8","13.4","13.7","13.9","14","14","13.9","13.7","13.4","13.1","12.9","12.7","12.5","12.3","12.2","12.2","12.1","12","12","11.9","11.9","11.8","11.6","11.5","11.4","11.3","11.1",
"Zimbabwe","ZWE","Prevalence of HIV, total (% of population ages 15-49)","SH.DYN.AIDS.ZS","","","","","","","","","","","","","","","","","","","","","","","","","","","","","","","14.5","17.5","20.1","22.1","23.5","24.4","24.7","24.7","24.3","23.6","22.8","21.9","20.9","19.9","18.9","18","17.1","16.5","15.9","15.5","15.2","15","14.8","14.5","14.3","14","13.6","13.2","12.8","12.4","11.9",
